变量,值
bank_txn_income_global_sum_7d,3042.257485002467
bank_txn_income_global_count_7d,4.0
bank_txn_income_global_mean_7d,760.5643712506168
bank_txn_income_global_median_7d,565.5694109109545
bank_txn_income_global_max_7d,1591.4999942014363
bank_txn_income_global_min_7d,319.6186689791218
bank_txn_income_global_std_7d,507.5350864722653
bank_txn_income_global_cv_7d,0.6673137812618167
bank_txn_income_global_sum_14d,3042.257485002467
bank_txn_income_global_count_14d,4.0
bank_txn_income_global_mean_14d,760.5643712506168
bank_txn_income_global_median_14d,565.5694109109545
bank_txn_income_global_max_14d,1591.4999942014363
bank_txn_income_global_min_14d,319.6186689791218
bank_txn_income_global_std_14d,507.5350864722653
bank_txn_income_global_cv_14d,0.6673137812618167
bank_txn_income_global_sum_28d,13328.710009308767
bank_txn_income_global_count_28d,10.0
bank_txn_income_global_mean_28d,1332.8710009308766
bank_txn_income_global_median_28d,836.6105813057859
bank_txn_income_global_max_28d,5344.370040529904
bank_txn_income_global_min_28d,319.6186689791218
bank_txn_income_global_std_28d,1440.4335456570675
bank_txn_income_global_cv_28d,1.0806998911755672
bank_txn_income_global_sum_56d,26347.134856126988
bank_txn_income_global_count_56d,22.0
bank_txn_income_global_mean_56d,1197.597038914863
bank_txn_income_global_median_56d,763.8362729742472
bank_txn_income_global_max_56d,5344.370040529904
bank_txn_income_global_min_56d,319.6186689791218
bank_txn_income_global_std_56d,1376.5835167741147
bank_txn_income_global_cv_56d,1.1494546763587778
bank_txn_income_global_sum_84d,36550.617868015834
bank_txn_income_global_count_84d,30.0
bank_txn_income_global_mean_84d,1218.3539289338612
bank_txn_income_global_median_84d,763.8362729742472
bank_txn_income_global_max_84d,5381.639988628631
bank_txn_income_global_min_84d,299.3577800889839
bank_txn_income_global_std_84d,1439.664910060748
bank_txn_income_global_cv_84d,1.1816475294010407
bank_txn_income_global_sum_168d,60543.717315854956
bank_txn_income_global_count_168d,54.0
bank_txn_income_global_mean_168d,1121.1799502936103
bank_txn_income_global_median_168d,568.2660437274878
bank_txn_income_global_max_168d,5832.478411213949
bank_txn_income_global_min_168d,104.40059355072134
bank_txn_income_global_std_168d,1431.4241743696796
bank_txn_income_global_cv_168d,1.2767122476591057
bank_txn_income_global_sum_182d,71619.83600276185
bank_txn_income_global_count_182d,61.0
bank_txn_income_global_mean_182d,1174.0956721764237
bank_txn_income_global_median_182d,655.1375079563239
bank_txn_income_global_max_182d,5832.478411213949
bank_txn_income_global_min_182d,104.40059355072134
bank_txn_income_global_std_182d,1470.315632293426
bank_txn_income_global_cv_182d,1.2522962711955992
bank_txn_income_otherincome_sum_7d,1591.4999942014363
bank_txn_income_otherincome_count_7d,1.0
bank_txn_income_otherincome_mean_7d,1591.4999942014363
bank_txn_income_otherincome_median_7d,1591.4999942014363
bank_txn_income_otherincome_max_7d,1591.4999942014363
bank_txn_income_otherincome_min_7d,1591.4999942014363
bank_txn_income_otherincome_std_7d,
bank_txn_income_otherincome_cv_7d,
bank_txn_income_wages_sum_7d,0.0
bank_txn_income_wages_count_7d,0.0
bank_txn_income_wages_mean_7d,
bank_txn_income_wages_median_7d,
bank_txn_income_wages_max_7d,
bank_txn_income_wages_min_7d,
bank_txn_income_wages_std_7d,
bank_txn_income_wages_cv_7d,
bank_txn_income_centrelink_sum_7d,1450.7574908010308
bank_txn_income_centrelink_count_7d,3.0
bank_txn_income_centrelink_mean_7d,483.5858302670103
bank_txn_income_centrelink_median_7d,379.2440703832394
bank_txn_income_centrelink_max_7d,751.8947514386696
bank_txn_income_centrelink_min_7d,319.6186689791218
bank_txn_income_centrelink_std_7d,191.27825282970235
bank_txn_income_centrelink_cv_7d,0.3955414754896534
bank_txn_income_otherincome_sum_14d,1591.4999942014363
bank_txn_income_otherincome_count_14d,1.0
bank_txn_income_otherincome_mean_14d,1591.4999942014363
bank_txn_income_otherincome_median_14d,1591.4999942014363
bank_txn_income_otherincome_max_14d,1591.4999942014363
bank_txn_income_otherincome_min_14d,1591.4999942014363
bank_txn_income_otherincome_std_14d,
bank_txn_income_otherincome_cv_14d,
bank_txn_income_wages_sum_14d,0.0
bank_txn_income_wages_count_14d,0.0
bank_txn_income_wages_mean_14d,
bank_txn_income_wages_median_14d,
bank_txn_income_wages_max_14d,
bank_txn_income_wages_min_14d,
bank_txn_income_wages_std_14d,
bank_txn_income_wages_cv_14d,
bank_txn_income_centrelink_sum_14d,1450.7574908010308
bank_txn_income_centrelink_count_14d,3.0
bank_txn_income_centrelink_mean_14d,483.5858302670103
bank_txn_income_centrelink_median_14d,379.2440703832394
bank_txn_income_centrelink_max_14d,751.8947514386696
bank_txn_income_centrelink_min_14d,319.6186689791218
bank_txn_income_centrelink_std_14d,191.27825282970235
bank_txn_income_centrelink_cv_14d,0.3955414754896534
bank_txn_income_otherincome_sum_28d,4866.471599449697
bank_txn_income_otherincome_count_28d,3.0
bank_txn_income_otherincome_mean_28d,1622.1571998165657
bank_txn_income_otherincome_median_28d,1591.4999942014363
bank_txn_income_otherincome_max_28d,1875.4659831144447
bank_txn_income_otherincome_min_28d,1399.5056221338164
bank_txn_income_otherincome_std_28d,195.5154972515798
bank_txn_income_otherincome_cv_28d,0.12052808277378345
bank_txn_income_wages_sum_28d,5344.370040529904
bank_txn_income_wages_count_28d,1.0
bank_txn_income_wages_mean_28d,5344.370040529904
bank_txn_income_wages_median_28d,5344.370040529904
bank_txn_income_wages_max_28d,5344.370040529904
bank_txn_income_wages_min_28d,5344.370040529904
bank_txn_income_wages_std_28d,
bank_txn_income_wages_cv_28d,
bank_txn_income_centrelink_sum_28d,3117.868369329164
bank_txn_income_centrelink_count_28d,6.0
bank_txn_income_centrelink_mean_28d,519.6447282215273
bank_txn_income_centrelink_median_28d,399.83676680272674
bank_txn_income_centrelink_max_28d,921.3264111729021
bank_txn_income_centrelink_min_28d,319.6186689791218
bank_txn_income_centrelink_std_28d,231.877547603527
bank_txn_income_centrelink_cv_28d,0.4462232271596843
bank_txn_income_otherincome_sum_56d,9268.088019591738
bank_txn_income_otherincome_count_56d,8.0
bank_txn_income_otherincome_mean_56d,1158.5110024489672
bank_txn_income_otherincome_median_56d,1094.813531510002
bank_txn_income_otherincome_max_56d,1875.4659831144447
bank_txn_income_otherincome_min_56d,378.7987235786104
bank_txn_income_otherincome_std_56d,538.1577647234535
bank_txn_income_otherincome_cv_56d,0.46452538092935336
bank_txn_income_wages_sum_56d,10588.043950983369
bank_txn_income_wages_count_56d,2.0
bank_txn_income_wages_mean_56d,5294.021975491684
bank_txn_income_wages_median_56d,5294.021975491684
bank_txn_income_wages_max_56d,5344.370040529904
bank_txn_income_wages_min_56d,5243.6739104534645
bank_txn_income_wages_std_56d,50.34806503821983
bank_txn_income_wages_cv_56d,0.009510361927340456
bank_txn_income_centrelink_sum_56d,6491.002885551882
bank_txn_income_centrelink_count_56d,12.0
bank_txn_income_centrelink_mean_56d,540.9169071293235
bank_txn_income_centrelink_median_56d,428.0142210660373
bank_txn_income_centrelink_max_56d,921.3264111729021
bank_txn_income_centrelink_min_56d,319.6186689791218
bank_txn_income_centrelink_std_56d,227.16844401174532
bank_txn_income_centrelink_cv_56d,0.41996920602341875
bank_txn_income_otherincome_sum_84d,10821.918168138722
bank_txn_income_otherincome_count_84d,9.0
bank_txn_income_otherincome_mean_84d,1202.4353520154136
bank_txn_income_otherincome_median_84d,1399.5056221338164
bank_txn_income_otherincome_max_84d,1875.4659831144447
bank_txn_income_otherincome_min_84d,378.7987235786104
bank_txn_income_otherincome_std_84d,522.3688914471265
bank_txn_income_otherincome_cv_84d,0.4344257598311451
bank_txn_income_wages_sum_84d,15969.683939612
bank_txn_income_wages_count_84d,3.0
bank_txn_income_wages_mean_84d,5323.227979870667
bank_txn_income_wages_median_84d,5344.370040529904
bank_txn_income_wages_max_84d,5381.639988628631
bank_txn_income_wages_min_84d,5243.6739104534645
bank_txn_income_wages_std_84d,58.27463558271981
bank_txn_income_wages_cv_84d,0.010947236489415892
bank_txn_income_centrelink_sum_84d,9759.01576026511
bank_txn_income_centrelink_count_84d,18.0
bank_txn_income_centrelink_mean_84d,542.1675422369506
bank_txn_income_centrelink_median_84d,428.0142210660373
bank_txn_income_centrelink_max_84d,921.3264111729021
bank_txn_income_centrelink_min_84d,299.3577800889839
bank_txn_income_centrelink_std_84d,227.3864070042515
bank_txn_income_centrelink_cv_84d,0.4194024711735212
bank_txn_income_otherincome_sum_168d,15482.916432496571
bank_txn_income_otherincome_count_168d,16.0
bank_txn_income_otherincome_mean_168d,967.6822770310357
bank_txn_income_otherincome_median_168d,824.2989992208612
bank_txn_income_otherincome_max_168d,1875.4659831144447
bank_txn_income_otherincome_min_168d,104.40059355072134
bank_txn_income_otherincome_std_168d,586.8624699768975
bank_txn_income_otherincome_cv_168d,0.6064619389098055
bank_txn_income_wages_sum_168d,27005.497097225387
bank_txn_income_wages_count_168d,5.0
bank_txn_income_wages_mean_168d,5401.099419445078
bank_txn_income_wages_median_168d,5344.370040529904
bank_txn_income_wages_max_168d,5832.478411213949
bank_txn_income_wages_min_168d,5203.334746399439
bank_txn_income_wages_std_168d,225.20141349709422
bank_txn_income_wages_cv_168d,0.041695476422137764
bank_txn_income_centrelink_sum_168d,18055.303786132998
bank_txn_income_centrelink_count_168d,33.0
bank_txn_income_centrelink_mean_168d,547.1304177616059
bank_txn_income_centrelink_median_168d,407.1618082913634
bank_txn_income_centrelink_max_168d,975.7920655923507
bank_txn_income_centrelink_min_168d,299.3577800889839
bank_txn_income_centrelink_std_168d,248.6592678944619
bank_txn_income_centrelink_cv_168d,0.45447896849121444
bank_txn_income_otherincome_sum_182d,19492.791476507413
bank_txn_income_otherincome_count_182d,19.0
bank_txn_income_otherincome_mean_182d,1025.93639350039
bank_txn_income_otherincome_median_182d,858.4765575555349
bank_txn_income_otherincome_max_182d,1888.0763652132114
bank_txn_income_otherincome_min_182d,104.40059355072134
bank_txn_income_otherincome_std_182d,613.0903493604524
bank_txn_income_otherincome_cv_182d,0.597590994183032
bank_txn_income_wages_sum_182d,32460.223512978235
bank_txn_income_wages_count_182d,6.0
bank_txn_income_wages_mean_182d,5410.037252163039
bank_txn_income_wages_median_182d,5363.0050145792675
bank_txn_income_wages_max_182d,5832.478411213949
bank_txn_income_wages_min_182d,5203.334746399439
bank_txn_income_wages_std_182d,206.54899693788315
bank_txn_income_wages_cv_182d,0.038178849296333556
bank_txn_income_centrelink_sum_182d,19666.821013276185
bank_txn_income_centrelink_count_182d,36.0
bank_txn_income_centrelink_mean_182d,546.3005837021162
bank_txn_income_centrelink_median_182d,406.9642745841926
bank_txn_income_centrelink_max_182d,975.7920655923507
bank_txn_income_centrelink_min_182d,299.3577800889839
bank_txn_income_centrelink_std_182d,247.71073962563864
bank_txn_income_centrelink_cv_182d,0.4534330495255502
bank_txn_income_otherincome_latest_amount,1591.4999942014363
bank_txn_income_wages_latest_amount,5344.370040529904
bank_txn_income_centrelink_latest_amount,751.8947514386696
bank_txn_income_otherincome_latest_vs_3m,1.4550781014457193
bank_txn_income_otherincome_1m_vs_3m,1.4831074000348636
bank_txn_income_otherincome_3m_vs_6m,1.0661048046911314
bank_txn_income_wages_latest_vs_3m,1.0039716616945928
bank_txn_income_wages_1m_vs_3m,1.0039716616945928
bank_txn_income_wages_3m_vs_6m,0.9839540342799554
bank_txn_income_centrelink_latest_vs_3m,1.3868309938591994
bank_txn_income_centrelink_1m_vs_3m,0.9584578340442597
bank_txn_income_centrelink_3m_vs_6m,0.9924344919473502
bank_txn_income_otherincome_ratio_7d,0.5231312609294626
bank_txn_income_wages_ratio_7d,0.0
bank_txn_income_centrelink_ratio_7d,0.4768687390705374
bank_txn_income_otherincome_ratio_14d,0.5231312609294626
bank_txn_income_wages_ratio_14d,0.0
bank_txn_income_centrelink_ratio_14d,0.4768687390705374
bank_txn_income_otherincome_ratio_28d,0.3651119722802098
bank_txn_income_wages_ratio_28d,0.40096678799354163
bank_txn_income_centrelink_ratio_28d,0.2339212397262485
bank_txn_income_otherincome_ratio_56d,0.35176834483907676
bank_txn_income_wages_ratio_56d,0.4018669964989052
bank_txn_income_centrelink_ratio_56d,0.246364658662018
bank_txn_income_otherincome_ratio_84d,0.29608030723903583
bank_txn_income_wages_ratio_84d,0.43691967116064845
bank_txn_income_centrelink_ratio_84d,0.26700002160031566
bank_txn_income_otherincome_ratio_168d,0.2557311826712359
bank_txn_income_wages_ratio_168d,0.44604953733412883
bank_txn_income_centrelink_ratio_168d,0.29821927999463527
bank_txn_income_otherincome_ratio_182d,0.27217028918853875
bank_txn_income_wages_ratio_182d,0.4532295146797946
bank_txn_income_centrelink_ratio_182d,0.27460019613166636
bank_txn_income_otherincome_max_ratio_7d,1.0
bank_txn_income_otherincome_min_ratio_7d,1.0
bank_txn_income_wages_max_ratio_7d,
bank_txn_income_wages_min_ratio_7d,
bank_txn_income_centrelink_max_ratio_7d,0.5182773524908794
bank_txn_income_centrelink_min_ratio_7d,0.22031157585313962
bank_txn_income_otherincome_max_ratio_14d,1.0
bank_txn_income_otherincome_min_ratio_14d,1.0
bank_txn_income_wages_max_ratio_14d,
bank_txn_income_wages_min_ratio_14d,
bank_txn_income_centrelink_max_ratio_14d,0.5182773524908794
bank_txn_income_centrelink_min_ratio_14d,0.22031157585313962
bank_txn_income_otherincome_max_ratio_28d,0.38538516968362113
bank_txn_income_otherincome_min_ratio_28d,0.2875811753000003
bank_txn_income_wages_max_ratio_28d,1.0
bank_txn_income_wages_min_ratio_28d,1.0
bank_txn_income_centrelink_max_ratio_28d,0.29549881586923227
bank_txn_income_centrelink_min_ratio_28d,0.10251191875938319
bank_txn_income_otherincome_max_ratio_56d,0.2023573771796202
bank_txn_income_otherincome_min_ratio_56d,0.040871291120441536
bank_txn_income_wages_max_ratio_56d,0.5047551809636702
bank_txn_income_wages_min_ratio_56d,0.4952448190363298
bank_txn_income_centrelink_max_ratio_56d,0.1419389926976698
bank_txn_income_centrelink_min_ratio_56d,0.04924025988195921
bank_txn_income_otherincome_max_ratio_84d,0.17330254710630555
bank_txn_income_otherincome_min_ratio_84d,0.035002918862743586
bank_txn_income_wages_max_ratio_84d,0.3369910142854952
bank_txn_income_wages_min_ratio_84d,0.3283517651496405
bank_txn_income_centrelink_max_ratio_84d,0.09440771834022263
bank_txn_income_centrelink_min_ratio_84d,0.03067499709426144
bank_txn_income_otherincome_max_ratio_168d,0.12113131213303538
bank_txn_income_otherincome_min_ratio_168d,0.006742954016828409
bank_txn_income_wages_max_ratio_168d,0.21597374750095574
bank_txn_income_wages_min_ratio_168d,0.19267687344048343
bank_txn_income_centrelink_max_ratio_168d,0.054044621854647916
bank_txn_income_centrelink_min_ratio_168d,0.01658004670732261
bank_txn_income_otherincome_max_ratio_182d,0.09686023510222787
bank_txn_income_otherincome_min_ratio_182d,0.0053558564804094
bank_txn_income_wages_max_ratio_182d,0.179680784048884
bank_txn_income_wages_min_ratio_182d,0.16029879598084232
bank_txn_income_centrelink_max_ratio_182d,0.049616156313907436
bank_txn_income_centrelink_min_ratio_182d,0.015221462578364897
bank_txn_income_otherincome_interval_std,9.016758788953586
bank_txn_income_otherincome_interval_max,35.0
bank_txn_income_otherincome_interval_gap_30_count,1.0
bank_txn_income_wages_interval_std,0.4898979485566356
bank_txn_income_wages_interval_max,31.0
bank_txn_income_wages_interval_gap_30_count,3.0
bank_txn_income_centrelink_interval_std,1.3743685418725535
bank_txn_income_centrelink_interval_max,17.0
bank_txn_income_centrelink_interval_gap_30_count,0.0
bank_txn_income_otherincome_growth_rate_max,4.973487771316324
bank_txn_income_otherincome_growth_rate_min,-0.938021400834146
bank_txn_income_wages_growth_rate_max,0.0692522349737253
bank_txn_income_wages_growth_rate_min,-0.10786900875704443
bank_txn_income_centrelink_growth_rate_max,0.057091822966795845
bank_txn_income_centrelink_growth_rate_min,-0.12977744342842856
bank_txn_income_otherincome_decrease_count,8.0
bank_txn_income_wages_decrease_count,2.0
bank_txn_income_centrelink_decrease_count,7.0
bank_txn_income_otherincome_max_consecutive_months,3.0
bank_txn_income_wages_max_consecutive_months,6.0
bank_txn_income_centrelink_max_consecutive_months,7.0
bank_txn_income_otherincome_max_daily_consumption_7d,290.0397920349515
bank_txn_income_otherincome_max_consumption_rate_7d,13.331254203756114
bank_txn_income_otherincome_min_consumption_rate_7d,0.182243036815395
bank_txn_income_otherincome_mean_consumption_rate_7d,2.0543881439163956
bank_txn_income_otherincome_max_consumption_rate_14d,23.36631275999893
bank_txn_income_otherincome_min_consumption_rate_14d,0.182243036815395
bank_txn_income_otherincome_mean_consumption_rate_14d,3.7865637366488563
bank_txn_income_otherincome_max_consumption_rate_28d,30.126437450246687
bank_txn_income_otherincome_min_consumption_rate_28d,0.182243036815395
bank_txn_income_otherincome_mean_consumption_rate_28d,6.531135544862439
bank_txn_income_otherincome_max_consumption_rate_56d,59.13178420639384
bank_txn_income_otherincome_min_consumption_rate_56d,0.182243036815395
bank_txn_income_otherincome_mean_consumption_rate_56d,12.467731316848061
bank_txn_income_otherincome_max_consumption_rate_84d,83.83008537808156
bank_txn_income_otherincome_min_consumption_rate_84d,0.182243036815395
bank_txn_income_otherincome_mean_consumption_rate_84d,16.361572007701078
bank_txn_income_otherincome_max_consumption_rate_168d,134.1223888091933
bank_txn_income_otherincome_min_consumption_rate_168d,0.182243036815395
bank_txn_income_otherincome_mean_consumption_rate_168d,23.945859317473893
bank_txn_income_otherincome_max_consumption_rate_182d,134.1223888091933
bank_txn_income_otherincome_min_consumption_rate_182d,0.182243036815395
bank_txn_income_otherincome_mean_consumption_rate_182d,24.04391633833516
bank_txn_income_wages_max_daily_consumption_7d,263.96211436602516
bank_txn_income_wages_max_consumption_rate_7d,0.2508712848413169
bank_txn_income_wages_min_consumption_rate_7d,0.07297516701769818
bank_txn_income_wages_mean_consumption_rate_7d,0.1925083973159475
bank_txn_income_wages_max_consumption_rate_14d,0.43452028536679616
bank_txn_income_wages_min_consumption_rate_14d,0.13563629182748985
bank_txn_income_wages_mean_consumption_rate_14d,0.3424699644378375
bank_txn_income_wages_max_consumption_rate_28d,0.8190571619472097
bank_txn_income_wages_min_consumption_rate_28d,0.4098122314856853
bank_txn_income_wages_mean_consumption_rate_28d,0.6274992219215062
bank_txn_income_wages_max_consumption_rate_56d,1.6557540363938326
bank_txn_income_wages_min_consumption_rate_56d,0.4668250102449435
bank_txn_income_wages_mean_consumption_rate_56d,1.0939072157294605
bank_txn_income_wages_max_consumption_rate_84d,2.069955915722336
bank_txn_income_wages_min_consumption_rate_84d,0.4668250102449435
bank_txn_income_wages_mean_consumption_rate_84d,1.4519938785956754
bank_txn_income_wages_max_consumption_rate_168d,3.8955874946807216
bank_txn_income_wages_min_consumption_rate_168d,0.4668250102449435
bank_txn_income_wages_mean_consumption_rate_168d,2.056208563044965
bank_txn_income_wages_max_consumption_rate_182d,3.8955874946807216
bank_txn_income_wages_min_consumption_rate_182d,0.4668250102449435
bank_txn_income_wages_mean_consumption_rate_182d,2.056208563044965
bank_txn_income_centrelink_max_daily_consumption_7d,0.0
bank_txn_income_centrelink_max_consumption_rate_7d,0.9249783115575321
bank_txn_income_centrelink_min_consumption_rate_7d,0.0
bank_txn_income_centrelink_mean_consumption_rate_7d,0.5649969350887059
bank_txn_income_centrelink_max_consumption_rate_14d,1.5435044453348337
bank_txn_income_centrelink_min_consumption_rate_14d,0.0
bank_txn_income_centrelink_mean_consumption_rate_14d,1.0258571368459817
bank_txn_income_centrelink_max_consumption_rate_28d,2.7723766535249226
bank_txn_income_centrelink_min_consumption_rate_28d,0.0
bank_txn_income_centrelink_mean_consumption_rate_28d,1.9246105939951996
bank_txn_income_centrelink_max_consumption_rate_56d,5.60446089448123
bank_txn_income_centrelink_min_consumption_rate_56d,0.0
bank_txn_income_centrelink_mean_consumption_rate_56d,3.462528002726527
bank_txn_income_centrelink_max_consumption_rate_84d,7.006467583936811
bank_txn_income_centrelink_min_consumption_rate_84d,0.0
bank_txn_income_centrelink_mean_consumption_rate_84d,4.602241997501848
bank_txn_income_centrelink_max_consumption_rate_168d,13.185936615633386
bank_txn_income_centrelink_min_consumption_rate_168d,0.0
bank_txn_income_centrelink_mean_consumption_rate_168d,6.583870518600492
bank_txn_income_centrelink_max_consumption_rate_182d,13.185936615633386
bank_txn_income_centrelink_min_consumption_rate_182d,0.0
bank_txn_income_centrelink_mean_consumption_rate_182d,6.680900865353246
bank_txn_income_otherincome_trend_slope_7d,
bank_txn_income_wages_trend_slope_7d,
bank_txn_income_centrelink_trend_slope_7d,
bank_txn_income_otherincome_trend_slope_14d,
bank_txn_income_wages_trend_slope_14d,
bank_txn_income_centrelink_trend_slope_14d,
bank_txn_income_otherincome_trend_slope_28d,3.0156914039390976
bank_txn_income_wages_trend_slope_28d,
bank_txn_income_centrelink_trend_slope_28d,-12.72666986630016
bank_txn_income_otherincome_trend_slope_56d,19.345961343938008
bank_txn_income_wages_trend_slope_56d,3.356537669214655
bank_txn_income_centrelink_trend_slope_56d,-4.545123140382643
bank_txn_income_otherincome_trend_slope_84d,9.088482629996022
bank_txn_income_wages_trend_slope_84d,-0.632305867997007
bank_txn_income_centrelink_trend_slope_84d,-1.3007011555166146
bank_txn_income_otherincome_trend_slope_168d,5.124271547888055
bank_txn_income_wages_trend_slope_168d,-3.0874426193294022
bank_txn_income_centrelink_trend_slope_168d,-0.5554181255835414
bank_txn_income_otherincome_trend_slope_182d,2.1021456453454666
bank_txn_income_wages_trend_slope_182d,-2.0041823465227853
bank_txn_income_centrelink_trend_slope_182d,-0.34856099925864575
bank_txn_income_wages_3rdparty_count,1.0
bank_txn_income_centrelink_3rdparty_count,3.0
bank_txn_income_otherincome_3rdparty_count,6.0
bank_txn_income_otherincome_3rdparty_max_consecutive_days,2.0
bank_txn_income_wages_3rdparty_max_consecutive_days,1.0
bank_txn_income_centrelink_3rdparty_max_consecutive_days,1.0
bank_txn_income_centrelink_3rdparty_centrelinkpension_sum_7d,751.8947514386696
bank_txn_income_centrelink_3rdparty_centrelinkpension_count_7d,1.0
bank_txn_income_centrelink_3rdparty_centrelinkpension_mean_7d,751.8947514386696
bank_txn_income_centrelink_3rdparty_centrelinkpension_median_7d,751.8947514386696
bank_txn_income_centrelink_3rdparty_centrelinkpension_max_7d,751.8947514386696
bank_txn_income_centrelink_3rdparty_centrelinkpension_min_7d,751.8947514386696
bank_txn_income_centrelink_3rdparty_centrelinkpension_std_7d,
bank_txn_income_centrelink_3rdparty_centrelinkpension_cv_7d,
bank_txn_income_centrelink_3rdparty_familybenefits_sum_7d,379.2440703832394
bank_txn_income_centrelink_3rdparty_familybenefits_count_7d,1.0
bank_txn_income_centrelink_3rdparty_familybenefits_mean_7d,379.2440703832394
bank_txn_income_centrelink_3rdparty_familybenefits_median_7d,379.2440703832394
bank_txn_income_centrelink_3rdparty_familybenefits_max_7d,379.2440703832394
bank_txn_income_centrelink_3rdparty_familybenefits_min_7d,379.2440703832394
bank_txn_income_centrelink_3rdparty_familybenefits_std_7d,
bank_txn_income_centrelink_3rdparty_familybenefits_cv_7d,
bank_txn_income_centrelink_3rdparty_jobseeker_sum_7d,319.6186689791218
bank_txn_income_centrelink_3rdparty_jobseeker_count_7d,1.0
bank_txn_income_centrelink_3rdparty_jobseeker_mean_7d,319.6186689791218
bank_txn_income_centrelink_3rdparty_jobseeker_median_7d,319.6186689791218
bank_txn_income_centrelink_3rdparty_jobseeker_max_7d,319.6186689791218
bank_txn_income_centrelink_3rdparty_jobseeker_min_7d,319.6186689791218
bank_txn_income_centrelink_3rdparty_jobseeker_std_7d,
bank_txn_income_centrelink_3rdparty_jobseeker_cv_7d,
bank_txn_income_centrelink_3rdparty_carersbenefits_sum_7d,0.0
bank_txn_income_centrelink_3rdparty_carersbenefits_count_7d,0.0
bank_txn_income_centrelink_3rdparty_carersbenefits_mean_7d,
bank_txn_income_centrelink_3rdparty_carersbenefits_median_7d,
bank_txn_income_centrelink_3rdparty_carersbenefits_max_7d,
bank_txn_income_centrelink_3rdparty_carersbenefits_min_7d,
bank_txn_income_centrelink_3rdparty_carersbenefits_std_7d,
bank_txn_income_centrelink_3rdparty_carersbenefits_cv_7d,
bank_txn_income_centrelink_3rdparty_childsupport_sum_7d,0.0
bank_txn_income_centrelink_3rdparty_childsupport_count_7d,0.0
bank_txn_income_centrelink_3rdparty_childsupport_mean_7d,
bank_txn_income_centrelink_3rdparty_childsupport_median_7d,
bank_txn_income_centrelink_3rdparty_childsupport_max_7d,
bank_txn_income_centrelink_3rdparty_childsupport_min_7d,
bank_txn_income_centrelink_3rdparty_childsupport_std_7d,
bank_txn_income_centrelink_3rdparty_childsupport_cv_7d,
bank_txn_income_centrelink_3rdparty_youthallowance_sum_7d,0.0
bank_txn_income_centrelink_3rdparty_youthallowance_count_7d,0.0
bank_txn_income_centrelink_3rdparty_youthallowance_mean_7d,
bank_txn_income_centrelink_3rdparty_youthallowance_median_7d,
bank_txn_income_centrelink_3rdparty_youthallowance_max_7d,
bank_txn_income_centrelink_3rdparty_youthallowance_min_7d,
bank_txn_income_centrelink_3rdparty_youthallowance_std_7d,
bank_txn_income_centrelink_3rdparty_youthallowance_cv_7d,
bank_txn_income_centrelink_3rdparty_centrelinkpension_sum_14d,751.8947514386696
bank_txn_income_centrelink_3rdparty_centrelinkpension_count_14d,1.0
bank_txn_income_centrelink_3rdparty_centrelinkpension_mean_14d,751.8947514386696
bank_txn_income_centrelink_3rdparty_centrelinkpension_median_14d,751.8947514386696
bank_txn_income_centrelink_3rdparty_centrelinkpension_max_14d,751.8947514386696
bank_txn_income_centrelink_3rdparty_centrelinkpension_min_14d,751.8947514386696
bank_txn_income_centrelink_3rdparty_centrelinkpension_std_14d,
bank_txn_income_centrelink_3rdparty_centrelinkpension_cv_14d,
bank_txn_income_centrelink_3rdparty_familybenefits_sum_14d,379.2440703832394
bank_txn_income_centrelink_3rdparty_familybenefits_count_14d,1.0
bank_txn_income_centrelink_3rdparty_familybenefits_mean_14d,379.2440703832394
bank_txn_income_centrelink_3rdparty_familybenefits_median_14d,379.2440703832394
bank_txn_income_centrelink_3rdparty_familybenefits_max_14d,379.2440703832394
bank_txn_income_centrelink_3rdparty_familybenefits_min_14d,379.2440703832394
bank_txn_income_centrelink_3rdparty_familybenefits_std_14d,
bank_txn_income_centrelink_3rdparty_familybenefits_cv_14d,
bank_txn_income_centrelink_3rdparty_jobseeker_sum_14d,319.6186689791218
bank_txn_income_centrelink_3rdparty_jobseeker_count_14d,1.0
bank_txn_income_centrelink_3rdparty_jobseeker_mean_14d,319.6186689791218
bank_txn_income_centrelink_3rdparty_jobseeker_median_14d,319.6186689791218
bank_txn_income_centrelink_3rdparty_jobseeker_max_14d,319.6186689791218
bank_txn_income_centrelink_3rdparty_jobseeker_min_14d,319.6186689791218
bank_txn_income_centrelink_3rdparty_jobseeker_std_14d,
bank_txn_income_centrelink_3rdparty_jobseeker_cv_14d,
bank_txn_income_centrelink_3rdparty_carersbenefits_sum_14d,0.0
bank_txn_income_centrelink_3rdparty_carersbenefits_count_14d,0.0
bank_txn_income_centrelink_3rdparty_carersbenefits_mean_14d,
bank_txn_income_centrelink_3rdparty_carersbenefits_median_14d,
bank_txn_income_centrelink_3rdparty_carersbenefits_max_14d,
bank_txn_income_centrelink_3rdparty_carersbenefits_min_14d,
bank_txn_income_centrelink_3rdparty_carersbenefits_std_14d,
bank_txn_income_centrelink_3rdparty_carersbenefits_cv_14d,
bank_txn_income_centrelink_3rdparty_childsupport_sum_14d,0.0
bank_txn_income_centrelink_3rdparty_childsupport_count_14d,0.0
bank_txn_income_centrelink_3rdparty_childsupport_mean_14d,
bank_txn_income_centrelink_3rdparty_childsupport_median_14d,
bank_txn_income_centrelink_3rdparty_childsupport_max_14d,
bank_txn_income_centrelink_3rdparty_childsupport_min_14d,
bank_txn_income_centrelink_3rdparty_childsupport_std_14d,
bank_txn_income_centrelink_3rdparty_childsupport_cv_14d,
bank_txn_income_centrelink_3rdparty_youthallowance_sum_14d,0.0
bank_txn_income_centrelink_3rdparty_youthallowance_count_14d,0.0
bank_txn_income_centrelink_3rdparty_youthallowance_mean_14d,
bank_txn_income_centrelink_3rdparty_youthallowance_median_14d,
bank_txn_income_centrelink_3rdparty_youthallowance_max_14d,
bank_txn_income_centrelink_3rdparty_youthallowance_min_14d,
bank_txn_income_centrelink_3rdparty_youthallowance_std_14d,
bank_txn_income_centrelink_3rdparty_youthallowance_cv_14d,
bank_txn_income_centrelink_3rdparty_centrelinkpension_sum_28d,1673.2211626115718
bank_txn_income_centrelink_3rdparty_centrelinkpension_count_28d,2.0
bank_txn_income_centrelink_3rdparty_centrelinkpension_mean_28d,836.6105813057859
bank_txn_income_centrelink_3rdparty_centrelinkpension_median_28d,836.6105813057859
bank_txn_income_centrelink_3rdparty_centrelinkpension_max_28d,921.3264111729021
bank_txn_income_centrelink_3rdparty_centrelinkpension_min_28d,751.8947514386696
bank_txn_income_centrelink_3rdparty_centrelinkpension_std_28d,84.71582986711627
bank_txn_income_centrelink_3rdparty_centrelinkpension_cv_28d,0.10126076786512954
bank_txn_income_centrelink_3rdparty_familybenefits_sum_28d,799.6735336054535
bank_txn_income_centrelink_3rdparty_familybenefits_count_28d,2.0
bank_txn_income_centrelink_3rdparty_familybenefits_mean_28d,399.83676680272674
bank_txn_income_centrelink_3rdparty_familybenefits_median_28d,399.83676680272674
bank_txn_income_centrelink_3rdparty_familybenefits_max_28d,420.4294632222141
bank_txn_income_centrelink_3rdparty_familybenefits_min_28d,379.2440703832394
bank_txn_income_centrelink_3rdparty_familybenefits_std_28d,20.592696419487368
bank_txn_income_centrelink_3rdparty_familybenefits_cv_28d,0.05150275844854329
bank_txn_income_centrelink_3rdparty_jobseeker_sum_28d,644.9736731121391
bank_txn_income_centrelink_3rdparty_jobseeker_count_28d,2.0
bank_txn_income_centrelink_3rdparty_jobseeker_mean_28d,322.48683655606953
bank_txn_income_centrelink_3rdparty_jobseeker_median_28d,322.48683655606953
bank_txn_income_centrelink_3rdparty_jobseeker_max_28d,325.35500413301725
bank_txn_income_centrelink_3rdparty_jobseeker_min_28d,319.6186689791218
bank_txn_income_centrelink_3rdparty_jobseeker_std_28d,2.8681675769477124
bank_txn_income_centrelink_3rdparty_jobseeker_cv_28d,0.00889390589574975
bank_txn_income_centrelink_3rdparty_carersbenefits_sum_28d,0.0
bank_txn_income_centrelink_3rdparty_carersbenefits_count_28d,0.0
bank_txn_income_centrelink_3rdparty_carersbenefits_mean_28d,
bank_txn_income_centrelink_3rdparty_carersbenefits_median_28d,
bank_txn_income_centrelink_3rdparty_carersbenefits_max_28d,
bank_txn_income_centrelink_3rdparty_carersbenefits_min_28d,
bank_txn_income_centrelink_3rdparty_carersbenefits_std_28d,
bank_txn_income_centrelink_3rdparty_carersbenefits_cv_28d,
bank_txn_income_centrelink_3rdparty_childsupport_sum_28d,0.0
bank_txn_income_centrelink_3rdparty_childsupport_count_28d,0.0
bank_txn_income_centrelink_3rdparty_childsupport_mean_28d,
bank_txn_income_centrelink_3rdparty_childsupport_median_28d,
bank_txn_income_centrelink_3rdparty_childsupport_max_28d,
bank_txn_income_centrelink_3rdparty_childsupport_min_28d,
bank_txn_income_centrelink_3rdparty_childsupport_std_28d,
bank_txn_income_centrelink_3rdparty_childsupport_cv_28d,
bank_txn_income_centrelink_3rdparty_youthallowance_sum_28d,0.0
bank_txn_income_centrelink_3rdparty_youthallowance_count_28d,0.0
bank_txn_income_centrelink_3rdparty_youthallowance_mean_28d,
bank_txn_income_centrelink_3rdparty_youthallowance_median_28d,
bank_txn_income_centrelink_3rdparty_youthallowance_max_28d,
bank_txn_income_centrelink_3rdparty_youthallowance_min_28d,
bank_txn_income_centrelink_3rdparty_youthallowance_std_28d,
bank_txn_income_centrelink_3rdparty_youthallowance_cv_28d,
bank_txn_income_centrelink_3rdparty_centrelinkpension_sum_56d,3412.950922237458
bank_txn_income_centrelink_3rdparty_centrelinkpension_count_56d,4.0
bank_txn_income_centrelink_3rdparty_centrelinkpension_mean_56d,853.2377305593645
bank_txn_income_centrelink_3rdparty_centrelinkpension_median_56d,869.8648798129431
bank_txn_income_centrelink_3rdparty_centrelinkpension_max_56d,921.3264111729021
bank_txn_income_centrelink_3rdparty_centrelinkpension_min_56d,751.8947514386696
bank_txn_income_centrelink_3rdparty_centrelinkpension_std_56d,65.64314772861977
bank_txn_income_centrelink_3rdparty_centrelinkpension_cv_56d,0.07693418302726195
bank_txn_income_centrelink_3rdparty_familybenefits_sum_56d,1688.9326479378296
bank_txn_income_centrelink_3rdparty_familybenefits_count_56d,4.0
bank_txn_income_centrelink_3rdparty_familybenefits_mean_56d,422.2331619844574
bank_txn_income_centrelink_3rdparty_familybenefits_median_56d,428.0142210660373
bank_txn_income_centrelink_3rdparty_familybenefits_max_56d,453.6601354225155
bank_txn_income_centrelink_3rdparty_familybenefits_min_56d,379.2440703832394
bank_txn_income_centrelink_3rdparty_familybenefits_std_56d,27.466411521541335
bank_txn_income_centrelink_3rdparty_familybenefits_cv_56d,0.06505034183589868
bank_txn_income_centrelink_3rdparty_jobseeker_sum_56d,1389.1193153765953
bank_txn_income_centrelink_3rdparty_jobseeker_count_56d,4.0
bank_txn_income_centrelink_3rdparty_jobseeker_mean_56d,347.2798288441488
bank_txn_income_centrelink_3rdparty_jobseeker_median_56d,346.61303152107797
bank_txn_income_centrelink_3rdparty_jobseeker_max_56d,376.2745833553176
bank_txn_income_centrelink_3rdparty_jobseeker_min_56d,319.6186689791218
bank_txn_income_centrelink_3rdparty_jobseeker_std_56d,25.05260589462058
bank_txn_income_centrelink_3rdparty_jobseeker_cv_56d,0.07213953651728967
bank_txn_income_centrelink_3rdparty_carersbenefits_sum_56d,0.0
bank_txn_income_centrelink_3rdparty_carersbenefits_count_56d,0.0
bank_txn_income_centrelink_3rdparty_carersbenefits_mean_56d,
bank_txn_income_centrelink_3rdparty_carersbenefits_median_56d,
bank_txn_income_centrelink_3rdparty_carersbenefits_max_56d,
bank_txn_income_centrelink_3rdparty_carersbenefits_min_56d,
bank_txn_income_centrelink_3rdparty_carersbenefits_std_56d,
bank_txn_income_centrelink_3rdparty_carersbenefits_cv_56d,
bank_txn_income_centrelink_3rdparty_childsupport_sum_56d,0.0
bank_txn_income_centrelink_3rdparty_childsupport_count_56d,0.0
bank_txn_income_centrelink_3rdparty_childsupport_mean_56d,
bank_txn_income_centrelink_3rdparty_childsupport_median_56d,
bank_txn_income_centrelink_3rdparty_childsupport_max_56d,
bank_txn_income_centrelink_3rdparty_childsupport_min_56d,
bank_txn_income_centrelink_3rdparty_childsupport_std_56d,
bank_txn_income_centrelink_3rdparty_childsupport_cv_56d,
bank_txn_income_centrelink_3rdparty_youthallowance_sum_56d,0.0
bank_txn_income_centrelink_3rdparty_youthallowance_count_56d,0.0
bank_txn_income_centrelink_3rdparty_youthallowance_mean_56d,
bank_txn_income_centrelink_3rdparty_youthallowance_median_56d,
bank_txn_income_centrelink_3rdparty_youthallowance_max_56d,
bank_txn_income_centrelink_3rdparty_youthallowance_min_56d,
bank_txn_income_centrelink_3rdparty_youthallowance_std_56d,
bank_txn_income_centrelink_3rdparty_youthallowance_cv_56d,
bank_txn_income_centrelink_3rdparty_centrelinkpension_sum_84d,5133.491786109815
bank_txn_income_centrelink_3rdparty_centrelinkpension_count_84d,6.0
bank_txn_income_centrelink_3rdparty_centrelinkpension_mean_84d,855.5819643516357
bank_txn_income_centrelink_3rdparty_centrelinkpension_median_84d,860.2704319361783
bank_txn_income_centrelink_3rdparty_centrelinkpension_max_84d,921.3264111729021
bank_txn_income_centrelink_3rdparty_centrelinkpension_min_84d,751.8947514386696
bank_txn_income_centrelink_3rdparty_centrelinkpension_std_84d,54.85370368248732
bank_txn_income_centrelink_3rdparty_centrelinkpension_cv_84d,0.06411273959480403
bank_txn_income_centrelink_3rdparty_familybenefits_sum_84d,2539.690388217999
bank_txn_income_centrelink_3rdparty_familybenefits_count_84d,6.0
bank_txn_income_centrelink_3rdparty_familybenefits_mean_84d,423.2817313696665
bank_txn_income_centrelink_3rdparty_familybenefits_median_84d,428.0142210660373
bank_txn_income_centrelink_3rdparty_familybenefits_max_84d,453.6601354225155
bank_txn_income_centrelink_3rdparty_familybenefits_min_84d,379.2440703832394
bank_txn_income_centrelink_3rdparty_familybenefits_std_84d,26.115065278393235
bank_txn_income_centrelink_3rdparty_familybenefits_cv_84d,0.06169665105528982
bank_txn_income_centrelink_3rdparty_jobseeker_sum_84d,2085.8335859372983
bank_txn_income_centrelink_3rdparty_jobseeker_count_84d,6.0
bank_txn_income_centrelink_3rdparty_jobseeker_mean_84d,347.6389309895497
bank_txn_income_centrelink_3rdparty_jobseeker_median_84d,346.61303152107797
bank_txn_income_centrelink_3rdparty_jobseeker_max_84d,397.35649047171927
bank_txn_income_centrelink_3rdparty_jobseeker_min_84d,299.3577800889839
bank_txn_income_centrelink_3rdparty_jobseeker_std_84d,34.914069081566325
bank_txn_income_centrelink_3rdparty_jobseeker_cv_84d,0.10043198839147238
bank_txn_income_centrelink_3rdparty_carersbenefits_sum_84d,0.0
bank_txn_income_centrelink_3rdparty_carersbenefits_count_84d,0.0
bank_txn_income_centrelink_3rdparty_carersbenefits_mean_84d,
bank_txn_income_centrelink_3rdparty_carersbenefits_median_84d,
bank_txn_income_centrelink_3rdparty_carersbenefits_max_84d,
bank_txn_income_centrelink_3rdparty_carersbenefits_min_84d,
bank_txn_income_centrelink_3rdparty_carersbenefits_std_84d,
bank_txn_income_centrelink_3rdparty_carersbenefits_cv_84d,
bank_txn_income_centrelink_3rdparty_childsupport_sum_84d,0.0
bank_txn_income_centrelink_3rdparty_childsupport_count_84d,0.0
bank_txn_income_centrelink_3rdparty_childsupport_mean_84d,
bank_txn_income_centrelink_3rdparty_childsupport_median_84d,
bank_txn_income_centrelink_3rdparty_childsupport_max_84d,
bank_txn_income_centrelink_3rdparty_childsupport_min_84d,
bank_txn_income_centrelink_3rdparty_childsupport_std_84d,
bank_txn_income_centrelink_3rdparty_childsupport_cv_84d,
bank_txn_income_centrelink_3rdparty_youthallowance_sum_84d,0.0
bank_txn_income_centrelink_3rdparty_youthallowance_count_84d,0.0
bank_txn_income_centrelink_3rdparty_youthallowance_mean_84d,
bank_txn_income_centrelink_3rdparty_youthallowance_median_84d,
bank_txn_income_centrelink_3rdparty_youthallowance_max_84d,
bank_txn_income_centrelink_3rdparty_youthallowance_min_84d,
bank_txn_income_centrelink_3rdparty_youthallowance_std_84d,
bank_txn_income_centrelink_3rdparty_youthallowance_cv_84d,
bank_txn_income_centrelink_3rdparty_centrelinkpension_sum_168d,9797.992255337
bank_txn_income_centrelink_3rdparty_centrelinkpension_count_168d,11.0
bank_txn_income_centrelink_3rdparty_centrelinkpension_mean_168d,890.7265686669999
bank_txn_income_centrelink_3rdparty_centrelinkpension_median_168d,899.6700752118504
bank_txn_income_centrelink_3rdparty_centrelinkpension_max_168d,975.7920655923507
bank_txn_income_centrelink_3rdparty_centrelinkpension_min_168d,751.8947514386696
bank_txn_income_centrelink_3rdparty_centrelinkpension_std_168d,62.298823154579544
bank_txn_income_centrelink_3rdparty_centrelinkpension_cv_168d,0.06994157954422722
bank_txn_income_centrelink_3rdparty_familybenefits_sum_168d,4421.051358621565
bank_txn_income_centrelink_3rdparty_familybenefits_count_168d,11.0
bank_txn_income_centrelink_3rdparty_familybenefits_mean_168d,401.9137598746877
bank_txn_income_centrelink_3rdparty_familybenefits_median_168d,407.1618082913634
bank_txn_income_centrelink_3rdparty_familybenefits_max_168d,453.6601354225155
bank_txn_income_centrelink_3rdparty_familybenefits_min_168d,300.08104328439384
bank_txn_income_centrelink_3rdparty_familybenefits_std_168d,47.33773465299856
bank_txn_income_centrelink_3rdparty_familybenefits_cv_168d,0.11778082608507345
bank_txn_income_centrelink_3rdparty_jobseeker_sum_168d,3836.2601721744354
bank_txn_income_centrelink_3rdparty_jobseeker_count_168d,11.0
bank_txn_income_centrelink_3rdparty_jobseeker_mean_168d,348.7509247431305
bank_txn_income_centrelink_3rdparty_jobseeker_median_168d,359.7697636396022
bank_txn_income_centrelink_3rdparty_jobseeker_max_168d,397.35649047171927
bank_txn_income_centrelink_3rdparty_jobseeker_min_168d,299.3577800889839
bank_txn_income_centrelink_3rdparty_jobseeker_std_168d,29.52412819695272
bank_txn_income_centrelink_3rdparty_jobseeker_cv_168d,0.08465677393887475
bank_txn_income_centrelink_3rdparty_carersbenefits_sum_168d,0.0
bank_txn_income_centrelink_3rdparty_carersbenefits_count_168d,0.0
bank_txn_income_centrelink_3rdparty_carersbenefits_mean_168d,
bank_txn_income_centrelink_3rdparty_carersbenefits_median_168d,
bank_txn_income_centrelink_3rdparty_carersbenefits_max_168d,
bank_txn_income_centrelink_3rdparty_carersbenefits_min_168d,
bank_txn_income_centrelink_3rdparty_carersbenefits_std_168d,
bank_txn_income_centrelink_3rdparty_carersbenefits_cv_168d,
bank_txn_income_centrelink_3rdparty_childsupport_sum_168d,0.0
bank_txn_income_centrelink_3rdparty_childsupport_count_168d,0.0
bank_txn_income_centrelink_3rdparty_childsupport_mean_168d,
bank_txn_income_centrelink_3rdparty_childsupport_median_168d,
bank_txn_income_centrelink_3rdparty_childsupport_max_168d,
bank_txn_income_centrelink_3rdparty_childsupport_min_168d,
bank_txn_income_centrelink_3rdparty_childsupport_std_168d,
bank_txn_income_centrelink_3rdparty_childsupport_cv_168d,
bank_txn_income_centrelink_3rdparty_youthallowance_sum_168d,0.0
bank_txn_income_centrelink_3rdparty_youthallowance_count_168d,0.0
bank_txn_income_centrelink_3rdparty_youthallowance_mean_168d,
bank_txn_income_centrelink_3rdparty_youthallowance_median_168d,
bank_txn_income_centrelink_3rdparty_youthallowance_max_168d,
bank_txn_income_centrelink_3rdparty_youthallowance_min_168d,
bank_txn_income_centrelink_3rdparty_youthallowance_std_168d,
bank_txn_income_centrelink_3rdparty_youthallowance_cv_168d,
bank_txn_income_centrelink_3rdparty_centrelinkpension_sum_182d,10667.541211944266
bank_txn_income_centrelink_3rdparty_centrelinkpension_count_182d,12.0
bank_txn_income_centrelink_3rdparty_centrelinkpension_mean_182d,888.9617676620222
bank_txn_income_centrelink_3rdparty_centrelinkpension_median_182d,889.6626235522319
bank_txn_income_centrelink_3rdparty_centrelinkpension_max_182d,975.7920655923507
bank_txn_income_centrelink_3rdparty_centrelinkpension_min_182d,751.8947514386696
bank_txn_income_centrelink_3rdparty_centrelinkpension_std_182d,59.93308352683009
bank_txn_income_centrelink_3rdparty_centrelinkpension_cv_182d,0.06741919136123779
bank_txn_income_centrelink_3rdparty_familybenefits_sum_182d,4827.818099498587
bank_txn_income_centrelink_3rdparty_familybenefits_count_182d,12.0
bank_txn_income_centrelink_3rdparty_familybenefits_mean_182d,402.3181749582156
bank_txn_income_centrelink_3rdparty_familybenefits_median_182d,406.9642745841926
bank_txn_income_centrelink_3rdparty_familybenefits_max_182d,453.6601354225155
bank_txn_income_centrelink_3rdparty_familybenefits_min_182d,300.08104328439384
bank_txn_income_centrelink_3rdparty_familybenefits_std_182d,45.342273458611736
bank_txn_income_centrelink_3rdparty_familybenefits_cv_182d,0.11270252322883734
bank_txn_income_centrelink_3rdparty_jobseeker_sum_182d,4171.461701833338
bank_txn_income_centrelink_3rdparty_jobseeker_count_182d,12.0
bank_txn_income_centrelink_3rdparty_jobseeker_mean_182d,347.62180848611155
bank_txn_income_centrelink_3rdparty_jobseeker_median_182d,348.9968656030101
bank_txn_income_centrelink_3rdparty_jobseeker_max_182d,397.35649047171927
bank_txn_income_centrelink_3rdparty_jobseeker_min_182d,299.3577800889839
bank_txn_income_centrelink_3rdparty_jobseeker_std_182d,28.51418195181887
bank_txn_income_centrelink_3rdparty_jobseeker_cv_182d,0.08202644729338979
bank_txn_income_centrelink_3rdparty_carersbenefits_sum_182d,0.0
bank_txn_income_centrelink_3rdparty_carersbenefits_count_182d,0.0
bank_txn_income_centrelink_3rdparty_carersbenefits_mean_182d,
bank_txn_income_centrelink_3rdparty_carersbenefits_median_182d,
bank_txn_income_centrelink_3rdparty_carersbenefits_max_182d,
bank_txn_income_centrelink_3rdparty_carersbenefits_min_182d,
bank_txn_income_centrelink_3rdparty_carersbenefits_std_182d,
bank_txn_income_centrelink_3rdparty_carersbenefits_cv_182d,
bank_txn_income_centrelink_3rdparty_childsupport_sum_182d,0.0
bank_txn_income_centrelink_3rdparty_childsupport_count_182d,0.0
bank_txn_income_centrelink_3rdparty_childsupport_mean_182d,
bank_txn_income_centrelink_3rdparty_childsupport_median_182d,
bank_txn_income_centrelink_3rdparty_childsupport_max_182d,
bank_txn_income_centrelink_3rdparty_childsupport_min_182d,
bank_txn_income_centrelink_3rdparty_childsupport_std_182d,
bank_txn_income_centrelink_3rdparty_childsupport_cv_182d,
bank_txn_income_centrelink_3rdparty_youthallowance_sum_182d,0.0
bank_txn_income_centrelink_3rdparty_youthallowance_count_182d,0.0
bank_txn_income_centrelink_3rdparty_youthallowance_mean_182d,
bank_txn_income_centrelink_3rdparty_youthallowance_median_182d,
bank_txn_income_centrelink_3rdparty_youthallowance_max_182d,
bank_txn_income_centrelink_3rdparty_youthallowance_min_182d,
bank_txn_income_centrelink_3rdparty_youthallowance_std_182d,
bank_txn_income_centrelink_3rdparty_youthallowance_cv_182d,
bank_txn_income_centrelink_3rdparty_centrelinkpension_ratio_7d,0.5182773524908794
bank_txn_income_centrelink_3rdparty_centrelinkpension_ratio_total_7d,0.2471502675711421
bank_txn_income_centrelink_3rdparty_familybenefits_ratio_7d,0.26141107165598093
bank_txn_income_centrelink_3rdparty_familybenefits_ratio_total_7d,0.12465876811966553
bank_txn_income_centrelink_3rdparty_jobseeker_ratio_7d,0.22031157585313962
bank_txn_income_centrelink_3rdparty_jobseeker_ratio_total_7d,0.10505970337972975
bank_txn_income_centrelink_3rdparty_carersbenefits_ratio_7d,0.0
bank_txn_income_centrelink_3rdparty_carersbenefits_ratio_total_7d,0.0
bank_txn_income_centrelink_3rdparty_childsupport_ratio_7d,0.0
bank_txn_income_centrelink_3rdparty_childsupport_ratio_total_7d,0.0
bank_txn_income_centrelink_3rdparty_youthallowance_ratio_7d,0.0
bank_txn_income_centrelink_3rdparty_youthallowance_ratio_total_7d,0.0
bank_txn_income_centrelink_3rdparty_centrelinkpension_ratio_14d,0.5182773524908794
bank_txn_income_centrelink_3rdparty_centrelinkpension_ratio_total_14d,0.2471502675711421
bank_txn_income_centrelink_3rdparty_familybenefits_ratio_14d,0.26141107165598093
bank_txn_income_centrelink_3rdparty_familybenefits_ratio_total_14d,0.12465876811966553
bank_txn_income_centrelink_3rdparty_jobseeker_ratio_14d,0.22031157585313962
bank_txn_income_centrelink_3rdparty_jobseeker_ratio_total_14d,0.10505970337972975
bank_txn_income_centrelink_3rdparty_carersbenefits_ratio_14d,0.0
bank_txn_income_centrelink_3rdparty_carersbenefits_ratio_total_14d,0.0
bank_txn_income_centrelink_3rdparty_childsupport_ratio_14d,0.0
bank_txn_income_centrelink_3rdparty_childsupport_ratio_total_14d,0.0
bank_txn_income_centrelink_3rdparty_youthallowance_ratio_14d,0.0
bank_txn_income_centrelink_3rdparty_youthallowance_ratio_total_14d,0.0
bank_txn_income_centrelink_3rdparty_centrelinkpension_ratio_28d,0.536655485225497
bank_txn_income_centrelink_3rdparty_centrelinkpension_ratio_total_28d,0.12553511640983972
bank_txn_income_centrelink_3rdparty_familybenefits_ratio_28d,0.2564808512995403
bank_txn_income_centrelink_3rdparty_familybenefits_ratio_total_28d,0.059996318702032064
bank_txn_income_centrelink_3rdparty_jobseeker_ratio_28d,0.20686366347496274
bank_txn_income_centrelink_3rdparty_jobseeker_ratio_total_28d,0.04838980461437676
bank_txn_income_centrelink_3rdparty_carersbenefits_ratio_28d,0.0
bank_txn_income_centrelink_3rdparty_carersbenefits_ratio_total_28d,0.0
bank_txn_income_centrelink_3rdparty_childsupport_ratio_28d,0.0
bank_txn_income_centrelink_3rdparty_childsupport_ratio_total_28d,0.0
bank_txn_income_centrelink_3rdparty_youthallowance_ratio_28d,0.0
bank_txn_income_centrelink_3rdparty_youthallowance_ratio_total_28d,0.0
bank_txn_income_centrelink_3rdparty_centrelinkpension_ratio_56d,0.5257971660795648
bank_txn_income_centrelink_3rdparty_centrelinkpension_ratio_total_56d,0.1295378393466484
bank_txn_income_centrelink_3rdparty_familybenefits_ratio_56d,0.2601959477937025
bank_txn_income_centrelink_3rdparty_familybenefits_ratio_total_56d,0.06410308586343577
bank_txn_income_centrelink_3rdparty_jobseeker_ratio_56d,0.21400688612673274
bank_txn_income_centrelink_3rdparty_jobseeker_ratio_total_56d,0.05272373345193387
bank_txn_income_centrelink_3rdparty_carersbenefits_ratio_56d,0.0
bank_txn_income_centrelink_3rdparty_carersbenefits_ratio_total_56d,0.0
bank_txn_income_centrelink_3rdparty_childsupport_ratio_56d,0.0
bank_txn_income_centrelink_3rdparty_childsupport_ratio_total_56d,0.0
bank_txn_income_centrelink_3rdparty_youthallowance_ratio_56d,0.0
bank_txn_income_centrelink_3rdparty_youthallowance_ratio_total_56d,0.0
bank_txn_income_centrelink_3rdparty_centrelinkpension_ratio_84d,0.526025565714463
bank_txn_income_centrelink_3rdparty_centrelinkpension_ratio_total_84d,0.14044883740807987
bank_txn_income_centrelink_3rdparty_familybenefits_ratio_84d,0.26024042286709104
bank_txn_income_centrelink_3rdparty_familybenefits_ratio_total_84d,0.0694841985267886
bank_txn_income_centrelink_3rdparty_jobseeker_ratio_84d,0.21373401141844606
bank_txn_income_centrelink_3rdparty_jobseeker_ratio_total_84d,0.05706698566544721
bank_txn_income_centrelink_3rdparty_carersbenefits_ratio_84d,0.0
bank_txn_income_centrelink_3rdparty_carersbenefits_ratio_total_84d,0.0
bank_txn_income_centrelink_3rdparty_childsupport_ratio_84d,0.0
bank_txn_income_centrelink_3rdparty_childsupport_ratio_total_84d,0.0
bank_txn_income_centrelink_3rdparty_youthallowance_ratio_84d,0.0
bank_txn_income_centrelink_3rdparty_youthallowance_ratio_total_84d,0.0
bank_txn_income_centrelink_3rdparty_centrelinkpension_ratio_168d,0.5426655996152302
bank_txn_income_centrelink_3rdparty_centrelinkpension_ratio_total_168d,0.161833344395111
bank_txn_income_centrelink_3rdparty_familybenefits_ratio_168d,0.24486164348101758
bank_txn_income_centrelink_3rdparty_familybenefits_ratio_total_168d,0.07302246301721214
bank_txn_income_centrelink_3rdparty_jobseeker_ratio_168d,0.2124727569037523
bank_txn_income_centrelink_3rdparty_jobseeker_ratio_total_168d,0.06336347258231219
bank_txn_income_centrelink_3rdparty_carersbenefits_ratio_168d,0.0
bank_txn_income_centrelink_3rdparty_carersbenefits_ratio_total_168d,0.0
bank_txn_income_centrelink_3rdparty_childsupport_ratio_168d,0.0
bank_txn_income_centrelink_3rdparty_childsupport_ratio_total_168d,0.0
bank_txn_income_centrelink_3rdparty_youthallowance_ratio_168d,0.0
bank_txn_income_centrelink_3rdparty_youthallowance_ratio_total_168d,0.0
bank_txn_income_centrelink_3rdparty_centrelinkpension_ratio_182d,0.5424130928299541
bank_txn_income_centrelink_3rdparty_centrelinkpension_ratio_total_182d,0.14894674167548916
bank_txn_income_centrelink_3rdparty_familybenefits_ratio_182d,0.24548034968333435
bank_txn_income_centrelink_3rdparty_familybenefits_ratio_total_182d,0.06740895216951366
bank_txn_income_centrelink_3rdparty_jobseeker_ratio_182d,0.21210655748671187
bank_txn_income_centrelink_3rdparty_jobseeker_ratio_total_182d,0.058244502286663655
bank_txn_income_centrelink_3rdparty_carersbenefits_ratio_182d,0.0
bank_txn_income_centrelink_3rdparty_carersbenefits_ratio_total_182d,0.0
bank_txn_income_centrelink_3rdparty_childsupport_ratio_182d,0.0
bank_txn_income_centrelink_3rdparty_childsupport_ratio_total_182d,0.0
bank_txn_income_centrelink_3rdparty_youthallowance_ratio_182d,0.0
bank_txn_income_centrelink_3rdparty_youthallowance_ratio_total_182d,0.0
bank_txn_income_centrelink_3rdparty_centrelinkpension_latest_amount,751.8947514386696
bank_txn_income_centrelink_3rdparty_familybenefits_latest_amount,379.2440703832394
bank_txn_income_centrelink_3rdparty_jobseeker_latest_amount,319.6186689791218
bank_txn_income_centrelink_3rdparty_carersbenefits_latest_amount,
bank_txn_income_centrelink_3rdparty_childsupport_latest_amount,
bank_txn_income_centrelink_3rdparty_youthallowance_latest_amount,
bank_txn_income_centrelink_3rdparty_centrelinkpension_latest_vs_3m,0.8788108945335928
bank_txn_income_centrelink_3rdparty_centrelinkpension_1m_vs_3m,0.9778263406239208
bank_txn_income_centrelink_3rdparty_centrelinkpension_3m_vs_6m,0.9624507998829065
bank_txn_income_centrelink_3rdparty_familybenefits_latest_vs_3m,0.8959613474365433
bank_txn_income_centrelink_3rdparty_familybenefits_1m_vs_3m,0.9446114423812342
bank_txn_income_centrelink_3rdparty_familybenefits_3m_vs_6m,1.0521069087013735
bank_txn_income_centrelink_3rdparty_jobseeker_latest_vs_3m,0.9193983771303503
bank_txn_income_centrelink_3rdparty_jobseeker_1m_vs_3m,0.9276487982462578
bank_txn_income_centrelink_3rdparty_jobseeker_3m_vs_6m,1.000049256125537
bank_txn_income_centrelink_3rdparty_carersbenefits_latest_vs_3m,
bank_txn_income_centrelink_3rdparty_carersbenefits_1m_vs_3m,
bank_txn_income_centrelink_3rdparty_carersbenefits_3m_vs_6m,
bank_txn_income_centrelink_3rdparty_childsupport_latest_vs_3m,
bank_txn_income_centrelink_3rdparty_childsupport_1m_vs_3m,
bank_txn_income_centrelink_3rdparty_childsupport_3m_vs_6m,
bank_txn_income_centrelink_3rdparty_youthallowance_latest_vs_3m,
bank_txn_income_centrelink_3rdparty_youthallowance_1m_vs_3m,
bank_txn_income_centrelink_3rdparty_youthallowance_3m_vs_6m,
bank_txn_income_centrelink_3rdparty_centrelinkpension_interval_std,1.3743685418725535
bank_txn_income_centrelink_3rdparty_centrelinkpension_interval_max,17.0
bank_txn_income_centrelink_3rdparty_centrelinkpension_interval_gap_30_count,0.0
bank_txn_income_centrelink_3rdparty_familybenefits_interval_std,1.3743685418725535
bank_txn_income_centrelink_3rdparty_familybenefits_interval_max,17.0
bank_txn_income_centrelink_3rdparty_familybenefits_interval_gap_30_count,0.0
bank_txn_income_centrelink_3rdparty_jobseeker_interval_std,1.3743685418725535
bank_txn_income_centrelink_3rdparty_jobseeker_interval_max,17.0
bank_txn_income_centrelink_3rdparty_jobseeker_interval_gap_30_count,0.0
bank_txn_income_centrelink_3rdparty_carersbenefits_interval_std,
bank_txn_income_centrelink_3rdparty_carersbenefits_interval_max,
bank_txn_income_centrelink_3rdparty_carersbenefits_interval_gap_30_count,
bank_txn_income_centrelink_3rdparty_childsupport_interval_std,
bank_txn_income_centrelink_3rdparty_childsupport_interval_max,
bank_txn_income_centrelink_3rdparty_childsupport_interval_gap_30_count,
bank_txn_income_centrelink_3rdparty_youthallowance_interval_std,
bank_txn_income_centrelink_3rdparty_youthallowance_interval_max,
bank_txn_income_centrelink_3rdparty_youthallowance_interval_gap_30_count,
bank_txn_income_centrelink_3rdparty_centrelinkpension_growth_rate_max,0.11704016272136007
bank_txn_income_centrelink_3rdparty_centrelinkpension_growth_rate_min,-0.18389970989601415
bank_txn_income_centrelink_3rdparty_familybenefits_growth_rate_max,0.36123112027208487
bank_txn_income_centrelink_3rdparty_familybenefits_growth_rate_min,-0.33037497653945114
bank_txn_income_centrelink_3rdparty_jobseeker_growth_rate_max,0.32736316508495406
bank_txn_income_centrelink_3rdparty_jobseeker_growth_rate_min,-0.15238118744271822
bank_txn_income_centrelink_3rdparty_carersbenefits_growth_rate_max,
bank_txn_income_centrelink_3rdparty_carersbenefits_growth_rate_min,
bank_txn_income_centrelink_3rdparty_childsupport_growth_rate_max,
bank_txn_income_centrelink_3rdparty_childsupport_growth_rate_min,
bank_txn_income_centrelink_3rdparty_youthallowance_growth_rate_max,
bank_txn_income_centrelink_3rdparty_youthallowance_growth_rate_min,
bank_txn_income_centrelink_3rdparty_centrelinkpension_max_consecutive_months,7.0
bank_txn_income_centrelink_3rdparty_familybenefits_max_consecutive_months,7.0
bank_txn_income_centrelink_3rdparty_jobseeker_max_consecutive_months,7.0
bank_txn_income_centrelink_3rdparty_carersbenefits_max_consecutive_months,
bank_txn_income_centrelink_3rdparty_childsupport_max_consecutive_months,
bank_txn_income_centrelink_3rdparty_youthallowance_max_consecutive_months,
bank_txn_income_centrelink_3rdparty_centrelinkpension_max_daily_consumption_7d,0.0
bank_txn_income_centrelink_3rdparty_centrelinkpension_max_consumption_rate_7d,1.57372878660798
bank_txn_income_centrelink_3rdparty_centrelinkpension_min_consumption_rate_7d,0.0
bank_txn_income_centrelink_3rdparty_centrelinkpension_mean_consumption_rate_7d,1.0383625502427352
bank_txn_income_centrelink_3rdparty_centrelinkpension_max_consumption_rate_14d,2.825192789028953
bank_txn_income_centrelink_3rdparty_centrelinkpension_min_consumption_rate_14d,0.0
bank_txn_income_centrelink_3rdparty_centrelinkpension_mean_consumption_rate_14d,1.8895815547822479
bank_txn_income_centrelink_3rdparty_centrelinkpension_max_consumption_rate_28d,5.367076118954311
bank_txn_income_centrelink_3rdparty_centrelinkpension_min_consumption_rate_28d,0.0
bank_txn_income_centrelink_3rdparty_centrelinkpension_mean_consumption_rate_28d,3.553684257175945
bank_txn_income_centrelink_3rdparty_centrelinkpension_max_consumption_rate_56d,10.386632301355315
bank_txn_income_centrelink_3rdparty_centrelinkpension_min_consumption_rate_56d,0.0
bank_txn_income_centrelink_3rdparty_centrelinkpension_mean_consumption_rate_56d,6.365504642797887
bank_txn_income_centrelink_3rdparty_centrelinkpension_max_consumption_rate_84d,12.984942512022505
bank_txn_income_centrelink_3rdparty_centrelinkpension_min_consumption_rate_84d,0.0
bank_txn_income_centrelink_3rdparty_centrelinkpension_mean_consumption_rate_84d,8.410641735465964
bank_txn_income_centrelink_3rdparty_centrelinkpension_max_consumption_rate_168d,24.437225587643038
bank_txn_income_centrelink_3rdparty_centrelinkpension_min_consumption_rate_168d,0.0
bank_txn_income_centrelink_3rdparty_centrelinkpension_mean_consumption_rate_168d,12.009975537709629
bank_txn_income_centrelink_3rdparty_centrelinkpension_max_consumption_rate_182d,24.437225587643038
bank_txn_income_centrelink_3rdparty_centrelinkpension_min_consumption_rate_182d,0.0
bank_txn_income_centrelink_3rdparty_centrelinkpension_mean_consumption_rate_182d,12.181136645617032
bank_txn_income_centrelink_3rdparty_familybenefits_max_daily_consumption_7d,0.0
bank_txn_income_centrelink_3rdparty_familybenefits_max_consumption_rate_7d,5.043004134318616
bank_txn_income_centrelink_3rdparty_familybenefits_min_consumption_rate_7d,0.0
bank_txn_income_centrelink_3rdparty_familybenefits_mean_consumption_rate_7d,2.3594180240524256
bank_txn_income_centrelink_3rdparty_familybenefits_max_consumption_rate_14d,8.275404637765952
bank_txn_income_centrelink_3rdparty_familybenefits_min_consumption_rate_14d,0.0
bank_txn_income_centrelink_3rdparty_familybenefits_mean_consumption_rate_14d,4.27767939297269
bank_txn_income_centrelink_3rdparty_familybenefits_max_consumption_rate_28d,11.572666567559141
bank_txn_income_centrelink_3rdparty_familybenefits_min_consumption_rate_28d,0.0
bank_txn_income_centrelink_3rdparty_familybenefits_mean_consumption_rate_28d,7.9395749060515515
bank_txn_income_centrelink_3rdparty_familybenefits_max_consumption_rate_56d,22.203598211677285
bank_txn_income_centrelink_3rdparty_familybenefits_min_consumption_rate_56d,0.0
bank_txn_income_centrelink_3rdparty_familybenefits_mean_consumption_rate_56d,14.40103382209294
bank_txn_income_centrelink_3rdparty_familybenefits_max_consumption_rate_84d,29.523167707930003
bank_txn_income_centrelink_3rdparty_familybenefits_min_consumption_rate_84d,0.0
bank_txn_income_centrelink_3rdparty_familybenefits_mean_consumption_rate_84d,19.29907404160891
bank_txn_income_centrelink_3rdparty_familybenefits_max_consumption_rate_168d,52.239679100351346
bank_txn_income_centrelink_3rdparty_familybenefits_min_consumption_rate_168d,0.0
bank_txn_income_centrelink_3rdparty_familybenefits_mean_consumption_rate_168d,27.676392470721602
bank_txn_income_centrelink_3rdparty_familybenefits_max_consumption_rate_182d,53.4216964812004
bank_txn_income_centrelink_3rdparty_familybenefits_min_consumption_rate_182d,0.0
bank_txn_income_centrelink_3rdparty_familybenefits_mean_consumption_rate_182d,28.081905385695013
bank_txn_income_centrelink_3rdparty_jobseeker_max_daily_consumption_7d,0.0
bank_txn_income_centrelink_3rdparty_jobseeker_max_consumption_rate_7d,4.083324872230605
bank_txn_income_centrelink_3rdparty_jobseeker_min_consumption_rate_7d,0.0
bank_txn_income_centrelink_3rdparty_jobseeker_mean_consumption_rate_7d,2.6860673529144217
bank_txn_income_centrelink_3rdparty_jobseeker_max_consumption_rate_14d,7.152609020351147
bank_txn_income_centrelink_3rdparty_jobseeker_min_consumption_rate_14d,0.0
bank_txn_income_centrelink_3rdparty_jobseeker_mean_consumption_rate_14d,4.856042230977978
bank_txn_income_centrelink_3rdparty_jobseeker_max_consumption_rate_28d,13.328497461903916
bank_txn_income_centrelink_3rdparty_jobseeker_min_consumption_rate_28d,0.0
bank_txn_income_centrelink_3rdparty_jobseeker_mean_consumption_rate_28d,9.134110715691001
bank_txn_income_centrelink_3rdparty_jobseeker_max_consumption_rate_56d,26.944045540297406
bank_txn_income_centrelink_3rdparty_jobseeker_min_consumption_rate_56d,0.0
bank_txn_income_centrelink_3rdparty_jobseeker_mean_consumption_rate_56d,16.493487645697538
bank_txn_income_centrelink_3rdparty_jobseeker_max_consumption_rate_84d,33.68434274277961
bank_txn_income_centrelink_3rdparty_jobseeker_min_consumption_rate_84d,0.0
bank_txn_income_centrelink_3rdparty_jobseeker_mean_consumption_rate_84d,22.084567227779864
bank_txn_income_centrelink_3rdparty_jobseeker_max_consumption_rate_168d,63.39280144017978
bank_txn_income_centrelink_3rdparty_jobseeker_min_consumption_rate_168d,0.0
bank_txn_income_centrelink_3rdparty_jobseeker_mean_consumption_rate_168d,31.592303111753406
bank_txn_income_centrelink_3rdparty_jobseeker_max_consumption_rate_182d,65.94867283212349
bank_txn_income_centrelink_3rdparty_jobseeker_min_consumption_rate_182d,0.0
bank_txn_income_centrelink_3rdparty_jobseeker_mean_consumption_rate_182d,32.092905681875706
bank_txn_income_centrelink_3rdparty_carersbenefits_max_daily_consumption_7d,
bank_txn_income_centrelink_3rdparty_carersbenefits_max_consumption_rate_7d,
bank_txn_income_centrelink_3rdparty_carersbenefits_min_consumption_rate_7d,
bank_txn_income_centrelink_3rdparty_carersbenefits_mean_consumption_rate_7d,
bank_txn_income_centrelink_3rdparty_carersbenefits_max_consumption_rate_14d,
bank_txn_income_centrelink_3rdparty_carersbenefits_min_consumption_rate_14d,
bank_txn_income_centrelink_3rdparty_carersbenefits_mean_consumption_rate_14d,
bank_txn_income_centrelink_3rdparty_carersbenefits_max_consumption_rate_28d,
bank_txn_income_centrelink_3rdparty_carersbenefits_min_consumption_rate_28d,
bank_txn_income_centrelink_3rdparty_carersbenefits_mean_consumption_rate_28d,
bank_txn_income_centrelink_3rdparty_carersbenefits_max_consumption_rate_56d,
bank_txn_income_centrelink_3rdparty_carersbenefits_min_consumption_rate_56d,
bank_txn_income_centrelink_3rdparty_carersbenefits_mean_consumption_rate_56d,
bank_txn_income_centrelink_3rdparty_carersbenefits_max_consumption_rate_84d,
bank_txn_income_centrelink_3rdparty_carersbenefits_min_consumption_rate_84d,
bank_txn_income_centrelink_3rdparty_carersbenefits_mean_consumption_rate_84d,
bank_txn_income_centrelink_3rdparty_carersbenefits_max_consumption_rate_168d,
bank_txn_income_centrelink_3rdparty_carersbenefits_min_consumption_rate_168d,
bank_txn_income_centrelink_3rdparty_carersbenefits_mean_consumption_rate_168d,
bank_txn_income_centrelink_3rdparty_carersbenefits_max_consumption_rate_182d,
bank_txn_income_centrelink_3rdparty_carersbenefits_min_consumption_rate_182d,
bank_txn_income_centrelink_3rdparty_carersbenefits_mean_consumption_rate_182d,
bank_txn_income_centrelink_3rdparty_childsupport_max_daily_consumption_7d,
bank_txn_income_centrelink_3rdparty_childsupport_max_consumption_rate_7d,
bank_txn_income_centrelink_3rdparty_childsupport_min_consumption_rate_7d,
bank_txn_income_centrelink_3rdparty_childsupport_mean_consumption_rate_7d,
bank_txn_income_centrelink_3rdparty_childsupport_max_consumption_rate_14d,
bank_txn_income_centrelink_3rdparty_childsupport_min_consumption_rate_14d,
bank_txn_income_centrelink_3rdparty_childsupport_mean_consumption_rate_14d,
bank_txn_income_centrelink_3rdparty_childsupport_max_consumption_rate_28d,
bank_txn_income_centrelink_3rdparty_childsupport_min_consumption_rate_28d,
bank_txn_income_centrelink_3rdparty_childsupport_mean_consumption_rate_28d,
bank_txn_income_centrelink_3rdparty_childsupport_max_consumption_rate_56d,
bank_txn_income_centrelink_3rdparty_childsupport_min_consumption_rate_56d,
bank_txn_income_centrelink_3rdparty_childsupport_mean_consumption_rate_56d,
bank_txn_income_centrelink_3rdparty_childsupport_max_consumption_rate_84d,
bank_txn_income_centrelink_3rdparty_childsupport_min_consumption_rate_84d,
bank_txn_income_centrelink_3rdparty_childsupport_mean_consumption_rate_84d,
bank_txn_income_centrelink_3rdparty_childsupport_max_consumption_rate_168d,
bank_txn_income_centrelink_3rdparty_childsupport_min_consumption_rate_168d,
bank_txn_income_centrelink_3rdparty_childsupport_mean_consumption_rate_168d,
bank_txn_income_centrelink_3rdparty_childsupport_max_consumption_rate_182d,
bank_txn_income_centrelink_3rdparty_childsupport_min_consumption_rate_182d,
bank_txn_income_centrelink_3rdparty_childsupport_mean_consumption_rate_182d,
bank_txn_income_centrelink_3rdparty_youthallowance_max_daily_consumption_7d,
bank_txn_income_centrelink_3rdparty_youthallowance_max_consumption_rate_7d,
bank_txn_income_centrelink_3rdparty_youthallowance_min_consumption_rate_7d,
bank_txn_income_centrelink_3rdparty_youthallowance_mean_consumption_rate_7d,
bank_txn_income_centrelink_3rdparty_youthallowance_max_consumption_rate_14d,
bank_txn_income_centrelink_3rdparty_youthallowance_min_consumption_rate_14d,
bank_txn_income_centrelink_3rdparty_youthallowance_mean_consumption_rate_14d,
bank_txn_income_centrelink_3rdparty_youthallowance_max_consumption_rate_28d,
bank_txn_income_centrelink_3rdparty_youthallowance_min_consumption_rate_28d,
bank_txn_income_centrelink_3rdparty_youthallowance_mean_consumption_rate_28d,
bank_txn_income_centrelink_3rdparty_youthallowance_max_consumption_rate_56d,
bank_txn_income_centrelink_3rdparty_youthallowance_min_consumption_rate_56d,
bank_txn_income_centrelink_3rdparty_youthallowance_mean_consumption_rate_56d,
bank_txn_income_centrelink_3rdparty_youthallowance_max_consumption_rate_84d,
bank_txn_income_centrelink_3rdparty_youthallowance_min_consumption_rate_84d,
bank_txn_income_centrelink_3rdparty_youthallowance_mean_consumption_rate_84d,
bank_txn_income_centrelink_3rdparty_youthallowance_max_consumption_rate_168d,
bank_txn_income_centrelink_3rdparty_youthallowance_min_consumption_rate_168d,
bank_txn_income_centrelink_3rdparty_youthallowance_mean_consumption_rate_168d,
bank_txn_income_centrelink_3rdparty_youthallowance_max_consumption_rate_182d,
bank_txn_income_centrelink_3rdparty_youthallowance_min_consumption_rate_182d,
bank_txn_income_centrelink_3rdparty_youthallowance_mean_consumption_rate_182d,
bank_txn_income_centrelink_3rdparty_centrelinkpension_trend_slope_7d,
bank_txn_income_centrelink_3rdparty_familybenefits_trend_slope_7d,
bank_txn_income_centrelink_3rdparty_jobseeker_trend_slope_7d,
bank_txn_income_centrelink_3rdparty_carersbenefits_trend_slope_7d,
bank_txn_income_centrelink_3rdparty_childsupport_trend_slope_7d,
bank_txn_income_centrelink_3rdparty_youthallowance_trend_slope_7d,
bank_txn_income_centrelink_3rdparty_centrelinkpension_trend_slope_14d,
bank_txn_income_centrelink_3rdparty_familybenefits_trend_slope_14d,
bank_txn_income_centrelink_3rdparty_jobseeker_trend_slope_14d,
bank_txn_income_centrelink_3rdparty_carersbenefits_trend_slope_14d,
bank_txn_income_centrelink_3rdparty_childsupport_trend_slope_14d,
bank_txn_income_centrelink_3rdparty_youthallowance_trend_slope_14d,
bank_txn_income_centrelink_3rdparty_centrelinkpension_trend_slope_28d,-9.966568219660736
bank_txn_income_centrelink_3rdparty_familybenefits_trend_slope_28d,-2.422670166998514
bank_txn_income_centrelink_3rdparty_jobseeker_trend_slope_28d,-0.33743147964090736
bank_txn_income_centrelink_3rdparty_carersbenefits_trend_slope_28d,
bank_txn_income_centrelink_3rdparty_childsupport_trend_slope_28d,
bank_txn_income_centrelink_3rdparty_youthallowance_trend_slope_28d,
bank_txn_income_centrelink_3rdparty_centrelinkpension_trend_slope_56d,-1.6441838169418033
bank_txn_income_centrelink_3rdparty_familybenefits_trend_slope_56d,-1.5470756161447468
bank_txn_income_centrelink_3rdparty_jobseeker_trend_slope_56d,-1.3538637072960964
bank_txn_income_centrelink_3rdparty_carersbenefits_trend_slope_56d,
bank_txn_income_centrelink_3rdparty_childsupport_trend_slope_56d,
bank_txn_income_centrelink_3rdparty_youthallowance_trend_slope_56d,
bank_txn_income_centrelink_3rdparty_centrelinkpension_trend_slope_84d,-0.501932404676897
bank_txn_income_centrelink_3rdparty_familybenefits_trend_slope_84d,-0.5906763805387283
bank_txn_income_centrelink_3rdparty_jobseeker_trend_slope_84d,-0.20809237030098976
bank_txn_income_centrelink_3rdparty_carersbenefits_trend_slope_84d,
bank_txn_income_centrelink_3rdparty_childsupport_trend_slope_84d,
bank_txn_income_centrelink_3rdparty_youthallowance_trend_slope_84d,
bank_txn_income_centrelink_3rdparty_centrelinkpension_trend_slope_168d,-0.6567225747719191
bank_txn_income_centrelink_3rdparty_familybenefits_trend_slope_168d,0.21361666712837968
bank_txn_income_centrelink_3rdparty_jobseeker_trend_slope_168d,-0.11231221794000215
bank_txn_income_centrelink_3rdparty_carersbenefits_trend_slope_168d,
bank_txn_income_centrelink_3rdparty_childsupport_trend_slope_168d,
bank_txn_income_centrelink_3rdparty_youthallowance_trend_slope_168d,
bank_txn_income_centrelink_3rdparty_centrelinkpension_trend_slope_182d,-0.44804843437271563
bank_txn_income_centrelink_3rdparty_familybenefits_trend_slope_182d,0.15090784880628286
bank_txn_income_centrelink_3rdparty_jobseeker_trend_slope_182d,-0.05142041369221315
bank_txn_income_centrelink_3rdparty_carersbenefits_trend_slope_182d,
bank_txn_income_centrelink_3rdparty_childsupport_trend_slope_182d,
bank_txn_income_centrelink_3rdparty_youthallowance_trend_slope_182d,
bank_txn_income_otherincome_category_allothercredits_sum_7d,0.0
bank_txn_income_otherincome_category_allothercredits_count_7d,0.0
bank_txn_income_otherincome_category_allothercredits_mean_7d,
bank_txn_income_otherincome_category_allothercredits_median_7d,
bank_txn_income_otherincome_category_allothercredits_max_7d,
bank_txn_income_otherincome_category_allothercredits_min_7d,
bank_txn_income_otherincome_category_allothercredits_std_7d,
bank_txn_income_otherincome_category_allothercredits_cv_7d,
bank_txn_income_otherincome_category_automotive_sum_7d,0.0
bank_txn_income_otherincome_category_automotive_count_7d,0.0
bank_txn_income_otherincome_category_automotive_mean_7d,
bank_txn_income_otherincome_category_automotive_median_7d,
bank_txn_income_otherincome_category_automotive_max_7d,
bank_txn_income_otherincome_category_automotive_min_7d,
bank_txn_income_otherincome_category_automotive_std_7d,
bank_txn_income_otherincome_category_automotive_cv_7d,
bank_txn_income_otherincome_category_education_sum_7d,0.0
bank_txn_income_otherincome_category_education_count_7d,0.0
bank_txn_income_otherincome_category_education_mean_7d,
bank_txn_income_otherincome_category_education_median_7d,
bank_txn_income_otherincome_category_education_max_7d,
bank_txn_income_otherincome_category_education_min_7d,
bank_txn_income_otherincome_category_education_std_7d,
bank_txn_income_otherincome_category_education_cv_7d,
bank_txn_income_otherincome_category_externaltransfers_sum_7d,0.0
bank_txn_income_otherincome_category_externaltransfers_count_7d,0.0
bank_txn_income_otherincome_category_externaltransfers_mean_7d,
bank_txn_income_otherincome_category_externaltransfers_median_7d,
bank_txn_income_otherincome_category_externaltransfers_max_7d,
bank_txn_income_otherincome_category_externaltransfers_min_7d,
bank_txn_income_otherincome_category_externaltransfers_std_7d,
bank_txn_income_otherincome_category_externaltransfers_cv_7d,
bank_txn_income_otherincome_category_gambling_sum_7d,1591.4999942014363
bank_txn_income_otherincome_category_gambling_count_7d,1.0
bank_txn_income_otherincome_category_gambling_mean_7d,1591.4999942014363
bank_txn_income_otherincome_category_gambling_median_7d,1591.4999942014363
bank_txn_income_otherincome_category_gambling_max_7d,1591.4999942014363
bank_txn_income_otherincome_category_gambling_min_7d,1591.4999942014363
bank_txn_income_otherincome_category_gambling_std_7d,
bank_txn_income_otherincome_category_gambling_cv_7d,
bank_txn_income_otherincome_category_gymsandothermemberships_sum_7d,0.0
bank_txn_income_otherincome_category_gymsandothermemberships_count_7d,0.0
bank_txn_income_otherincome_category_gymsandothermemberships_mean_7d,
bank_txn_income_otherincome_category_gymsandothermemberships_median_7d,
bank_txn_income_otherincome_category_gymsandothermemberships_max_7d,
bank_txn_income_otherincome_category_gymsandothermemberships_min_7d,
bank_txn_income_otherincome_category_gymsandothermemberships_std_7d,
bank_txn_income_otherincome_category_gymsandothermemberships_cv_7d,
bank_txn_income_otherincome_category_health_sum_7d,0.0
bank_txn_income_otherincome_category_health_count_7d,0.0
bank_txn_income_otherincome_category_health_mean_7d,
bank_txn_income_otherincome_category_health_median_7d,
bank_txn_income_otherincome_category_health_max_7d,
bank_txn_income_otherincome_category_health_min_7d,
bank_txn_income_otherincome_category_health_std_7d,
bank_txn_income_otherincome_category_health_cv_7d,
bank_txn_income_otherincome_category_insurance_sum_7d,0.0
bank_txn_income_otherincome_category_insurance_count_7d,0.0
bank_txn_income_otherincome_category_insurance_mean_7d,
bank_txn_income_otherincome_category_insurance_median_7d,
bank_txn_income_otherincome_category_insurance_max_7d,
bank_txn_income_otherincome_category_insurance_min_7d,
bank_txn_income_otherincome_category_insurance_std_7d,
bank_txn_income_otherincome_category_insurance_cv_7d,
bank_txn_income_otherincome_category_internaltransfer_sum_7d,0.0
bank_txn_income_otherincome_category_internaltransfer_count_7d,0.0
bank_txn_income_otherincome_category_internaltransfer_mean_7d,
bank_txn_income_otherincome_category_internaltransfer_median_7d,
bank_txn_income_otherincome_category_internaltransfer_max_7d,
bank_txn_income_otherincome_category_internaltransfer_min_7d,
bank_txn_income_otherincome_category_internaltransfer_std_7d,
bank_txn_income_otherincome_category_internaltransfer_cv_7d,
bank_txn_income_otherincome_category_rent_sum_7d,0.0
bank_txn_income_otherincome_category_rent_count_7d,0.0
bank_txn_income_otherincome_category_rent_mean_7d,
bank_txn_income_otherincome_category_rent_median_7d,
bank_txn_income_otherincome_category_rent_max_7d,
bank_txn_income_otherincome_category_rent_min_7d,
bank_txn_income_otherincome_category_rent_std_7d,
bank_txn_income_otherincome_category_rent_cv_7d,
bank_txn_income_otherincome_category_telecommunications_sum_7d,0.0
bank_txn_income_otherincome_category_telecommunications_count_7d,0.0
bank_txn_income_otherincome_category_telecommunications_mean_7d,
bank_txn_income_otherincome_category_telecommunications_median_7d,
bank_txn_income_otherincome_category_telecommunications_max_7d,
bank_txn_income_otherincome_category_telecommunications_min_7d,
bank_txn_income_otherincome_category_telecommunications_std_7d,
bank_txn_income_otherincome_category_telecommunications_cv_7d,
bank_txn_income_otherincome_category_travel_sum_7d,0.0
bank_txn_income_otherincome_category_travel_count_7d,0.0
bank_txn_income_otherincome_category_travel_mean_7d,
bank_txn_income_otherincome_category_travel_median_7d,
bank_txn_income_otherincome_category_travel_max_7d,
bank_txn_income_otherincome_category_travel_min_7d,
bank_txn_income_otherincome_category_travel_std_7d,
bank_txn_income_otherincome_category_travel_cv_7d,
bank_txn_income_otherincome_category_utilities_sum_7d,0.0
bank_txn_income_otherincome_category_utilities_count_7d,0.0
bank_txn_income_otherincome_category_utilities_mean_7d,
bank_txn_income_otherincome_category_utilities_median_7d,
bank_txn_income_otherincome_category_utilities_max_7d,
bank_txn_income_otherincome_category_utilities_min_7d,
bank_txn_income_otherincome_category_utilities_std_7d,
bank_txn_income_otherincome_category_utilities_cv_7d,
bank_txn_income_otherincome_category_allothercredits_sum_14d,0.0
bank_txn_income_otherincome_category_allothercredits_count_14d,0.0
bank_txn_income_otherincome_category_allothercredits_mean_14d,
bank_txn_income_otherincome_category_allothercredits_median_14d,
bank_txn_income_otherincome_category_allothercredits_max_14d,
bank_txn_income_otherincome_category_allothercredits_min_14d,
bank_txn_income_otherincome_category_allothercredits_std_14d,
bank_txn_income_otherincome_category_allothercredits_cv_14d,
bank_txn_income_otherincome_category_automotive_sum_14d,0.0
bank_txn_income_otherincome_category_automotive_count_14d,0.0
bank_txn_income_otherincome_category_automotive_mean_14d,
bank_txn_income_otherincome_category_automotive_median_14d,
bank_txn_income_otherincome_category_automotive_max_14d,
bank_txn_income_otherincome_category_automotive_min_14d,
bank_txn_income_otherincome_category_automotive_std_14d,
bank_txn_income_otherincome_category_automotive_cv_14d,
bank_txn_income_otherincome_category_education_sum_14d,0.0
bank_txn_income_otherincome_category_education_count_14d,0.0
bank_txn_income_otherincome_category_education_mean_14d,
bank_txn_income_otherincome_category_education_median_14d,
bank_txn_income_otherincome_category_education_max_14d,
bank_txn_income_otherincome_category_education_min_14d,
bank_txn_income_otherincome_category_education_std_14d,
bank_txn_income_otherincome_category_education_cv_14d,
bank_txn_income_otherincome_category_externaltransfers_sum_14d,0.0
bank_txn_income_otherincome_category_externaltransfers_count_14d,0.0
bank_txn_income_otherincome_category_externaltransfers_mean_14d,
bank_txn_income_otherincome_category_externaltransfers_median_14d,
bank_txn_income_otherincome_category_externaltransfers_max_14d,
bank_txn_income_otherincome_category_externaltransfers_min_14d,
bank_txn_income_otherincome_category_externaltransfers_std_14d,
bank_txn_income_otherincome_category_externaltransfers_cv_14d,
bank_txn_income_otherincome_category_gambling_sum_14d,1591.4999942014363
bank_txn_income_otherincome_category_gambling_count_14d,1.0
bank_txn_income_otherincome_category_gambling_mean_14d,1591.4999942014363
bank_txn_income_otherincome_category_gambling_median_14d,1591.4999942014363
bank_txn_income_otherincome_category_gambling_max_14d,1591.4999942014363
bank_txn_income_otherincome_category_gambling_min_14d,1591.4999942014363
bank_txn_income_otherincome_category_gambling_std_14d,
bank_txn_income_otherincome_category_gambling_cv_14d,
bank_txn_income_otherincome_category_gymsandothermemberships_sum_14d,0.0
bank_txn_income_otherincome_category_gymsandothermemberships_count_14d,0.0
bank_txn_income_otherincome_category_gymsandothermemberships_mean_14d,
bank_txn_income_otherincome_category_gymsandothermemberships_median_14d,
bank_txn_income_otherincome_category_gymsandothermemberships_max_14d,
bank_txn_income_otherincome_category_gymsandothermemberships_min_14d,
bank_txn_income_otherincome_category_gymsandothermemberships_std_14d,
bank_txn_income_otherincome_category_gymsandothermemberships_cv_14d,
bank_txn_income_otherincome_category_health_sum_14d,0.0
bank_txn_income_otherincome_category_health_count_14d,0.0
bank_txn_income_otherincome_category_health_mean_14d,
bank_txn_income_otherincome_category_health_median_14d,
bank_txn_income_otherincome_category_health_max_14d,
bank_txn_income_otherincome_category_health_min_14d,
bank_txn_income_otherincome_category_health_std_14d,
bank_txn_income_otherincome_category_health_cv_14d,
bank_txn_income_otherincome_category_insurance_sum_14d,0.0
bank_txn_income_otherincome_category_insurance_count_14d,0.0
bank_txn_income_otherincome_category_insurance_mean_14d,
bank_txn_income_otherincome_category_insurance_median_14d,
bank_txn_income_otherincome_category_insurance_max_14d,
bank_txn_income_otherincome_category_insurance_min_14d,
bank_txn_income_otherincome_category_insurance_std_14d,
bank_txn_income_otherincome_category_insurance_cv_14d,
bank_txn_income_otherincome_category_internaltransfer_sum_14d,0.0
bank_txn_income_otherincome_category_internaltransfer_count_14d,0.0
bank_txn_income_otherincome_category_internaltransfer_mean_14d,
bank_txn_income_otherincome_category_internaltransfer_median_14d,
bank_txn_income_otherincome_category_internaltransfer_max_14d,
bank_txn_income_otherincome_category_internaltransfer_min_14d,
bank_txn_income_otherincome_category_internaltransfer_std_14d,
bank_txn_income_otherincome_category_internaltransfer_cv_14d,
bank_txn_income_otherincome_category_rent_sum_14d,0.0
bank_txn_income_otherincome_category_rent_count_14d,0.0
bank_txn_income_otherincome_category_rent_mean_14d,
bank_txn_income_otherincome_category_rent_median_14d,
bank_txn_income_otherincome_category_rent_max_14d,
bank_txn_income_otherincome_category_rent_min_14d,
bank_txn_income_otherincome_category_rent_std_14d,
bank_txn_income_otherincome_category_rent_cv_14d,
bank_txn_income_otherincome_category_telecommunications_sum_14d,0.0
bank_txn_income_otherincome_category_telecommunications_count_14d,0.0
bank_txn_income_otherincome_category_telecommunications_mean_14d,
bank_txn_income_otherincome_category_telecommunications_median_14d,
bank_txn_income_otherincome_category_telecommunications_max_14d,
bank_txn_income_otherincome_category_telecommunications_min_14d,
bank_txn_income_otherincome_category_telecommunications_std_14d,
bank_txn_income_otherincome_category_telecommunications_cv_14d,
bank_txn_income_otherincome_category_travel_sum_14d,0.0
bank_txn_income_otherincome_category_travel_count_14d,0.0
bank_txn_income_otherincome_category_travel_mean_14d,
bank_txn_income_otherincome_category_travel_median_14d,
bank_txn_income_otherincome_category_travel_max_14d,
bank_txn_income_otherincome_category_travel_min_14d,
bank_txn_income_otherincome_category_travel_std_14d,
bank_txn_income_otherincome_category_travel_cv_14d,
bank_txn_income_otherincome_category_utilities_sum_14d,0.0
bank_txn_income_otherincome_category_utilities_count_14d,0.0
bank_txn_income_otherincome_category_utilities_mean_14d,
bank_txn_income_otherincome_category_utilities_median_14d,
bank_txn_income_otherincome_category_utilities_max_14d,
bank_txn_income_otherincome_category_utilities_min_14d,
bank_txn_income_otherincome_category_utilities_std_14d,
bank_txn_income_otherincome_category_utilities_cv_14d,
bank_txn_income_otherincome_category_allothercredits_sum_28d,0.0
bank_txn_income_otherincome_category_allothercredits_count_28d,0.0
bank_txn_income_otherincome_category_allothercredits_mean_28d,
bank_txn_income_otherincome_category_allothercredits_median_28d,
bank_txn_income_otherincome_category_allothercredits_max_28d,
bank_txn_income_otherincome_category_allothercredits_min_28d,
bank_txn_income_otherincome_category_allothercredits_std_28d,
bank_txn_income_otherincome_category_allothercredits_cv_28d,
bank_txn_income_otherincome_category_automotive_sum_28d,0.0
bank_txn_income_otherincome_category_automotive_count_28d,0.0
bank_txn_income_otherincome_category_automotive_mean_28d,
bank_txn_income_otherincome_category_automotive_median_28d,
bank_txn_income_otherincome_category_automotive_max_28d,
bank_txn_income_otherincome_category_automotive_min_28d,
bank_txn_income_otherincome_category_automotive_std_28d,
bank_txn_income_otherincome_category_automotive_cv_28d,
bank_txn_income_otherincome_category_education_sum_28d,0.0
bank_txn_income_otherincome_category_education_count_28d,0.0
bank_txn_income_otherincome_category_education_mean_28d,
bank_txn_income_otherincome_category_education_median_28d,
bank_txn_income_otherincome_category_education_max_28d,
bank_txn_income_otherincome_category_education_min_28d,
bank_txn_income_otherincome_category_education_std_28d,
bank_txn_income_otherincome_category_education_cv_28d,
bank_txn_income_otherincome_category_externaltransfers_sum_28d,0.0
bank_txn_income_otherincome_category_externaltransfers_count_28d,0.0
bank_txn_income_otherincome_category_externaltransfers_mean_28d,
bank_txn_income_otherincome_category_externaltransfers_median_28d,
bank_txn_income_otherincome_category_externaltransfers_max_28d,
bank_txn_income_otherincome_category_externaltransfers_min_28d,
bank_txn_income_otherincome_category_externaltransfers_std_28d,
bank_txn_income_otherincome_category_externaltransfers_cv_28d,
bank_txn_income_otherincome_category_gambling_sum_28d,4866.471599449697
bank_txn_income_otherincome_category_gambling_count_28d,3.0
bank_txn_income_otherincome_category_gambling_mean_28d,1622.1571998165657
bank_txn_income_otherincome_category_gambling_median_28d,1591.4999942014363
bank_txn_income_otherincome_category_gambling_max_28d,1875.4659831144447
bank_txn_income_otherincome_category_gambling_min_28d,1399.5056221338164
bank_txn_income_otherincome_category_gambling_std_28d,195.5154972515798
bank_txn_income_otherincome_category_gambling_cv_28d,0.12052808277378345
bank_txn_income_otherincome_category_gymsandothermemberships_sum_28d,0.0
bank_txn_income_otherincome_category_gymsandothermemberships_count_28d,0.0
bank_txn_income_otherincome_category_gymsandothermemberships_mean_28d,
bank_txn_income_otherincome_category_gymsandothermemberships_median_28d,
bank_txn_income_otherincome_category_gymsandothermemberships_max_28d,
bank_txn_income_otherincome_category_gymsandothermemberships_min_28d,
bank_txn_income_otherincome_category_gymsandothermemberships_std_28d,
bank_txn_income_otherincome_category_gymsandothermemberships_cv_28d,
bank_txn_income_otherincome_category_health_sum_28d,0.0
bank_txn_income_otherincome_category_health_count_28d,0.0
bank_txn_income_otherincome_category_health_mean_28d,
bank_txn_income_otherincome_category_health_median_28d,
bank_txn_income_otherincome_category_health_max_28d,
bank_txn_income_otherincome_category_health_min_28d,
bank_txn_income_otherincome_category_health_std_28d,
bank_txn_income_otherincome_category_health_cv_28d,
bank_txn_income_otherincome_category_insurance_sum_28d,0.0
bank_txn_income_otherincome_category_insurance_count_28d,0.0
bank_txn_income_otherincome_category_insurance_mean_28d,
bank_txn_income_otherincome_category_insurance_median_28d,
bank_txn_income_otherincome_category_insurance_max_28d,
bank_txn_income_otherincome_category_insurance_min_28d,
bank_txn_income_otherincome_category_insurance_std_28d,
bank_txn_income_otherincome_category_insurance_cv_28d,
bank_txn_income_otherincome_category_internaltransfer_sum_28d,0.0
bank_txn_income_otherincome_category_internaltransfer_count_28d,0.0
bank_txn_income_otherincome_category_internaltransfer_mean_28d,
bank_txn_income_otherincome_category_internaltransfer_median_28d,
bank_txn_income_otherincome_category_internaltransfer_max_28d,
bank_txn_income_otherincome_category_internaltransfer_min_28d,
bank_txn_income_otherincome_category_internaltransfer_std_28d,
bank_txn_income_otherincome_category_internaltransfer_cv_28d,
bank_txn_income_otherincome_category_rent_sum_28d,0.0
bank_txn_income_otherincome_category_rent_count_28d,0.0
bank_txn_income_otherincome_category_rent_mean_28d,
bank_txn_income_otherincome_category_rent_median_28d,
bank_txn_income_otherincome_category_rent_max_28d,
bank_txn_income_otherincome_category_rent_min_28d,
bank_txn_income_otherincome_category_rent_std_28d,
bank_txn_income_otherincome_category_rent_cv_28d,
bank_txn_income_otherincome_category_telecommunications_sum_28d,0.0
bank_txn_income_otherincome_category_telecommunications_count_28d,0.0
bank_txn_income_otherincome_category_telecommunications_mean_28d,
bank_txn_income_otherincome_category_telecommunications_median_28d,
bank_txn_income_otherincome_category_telecommunications_max_28d,
bank_txn_income_otherincome_category_telecommunications_min_28d,
bank_txn_income_otherincome_category_telecommunications_std_28d,
bank_txn_income_otherincome_category_telecommunications_cv_28d,
bank_txn_income_otherincome_category_travel_sum_28d,0.0
bank_txn_income_otherincome_category_travel_count_28d,0.0
bank_txn_income_otherincome_category_travel_mean_28d,
bank_txn_income_otherincome_category_travel_median_28d,
bank_txn_income_otherincome_category_travel_max_28d,
bank_txn_income_otherincome_category_travel_min_28d,
bank_txn_income_otherincome_category_travel_std_28d,
bank_txn_income_otherincome_category_travel_cv_28d,
bank_txn_income_otherincome_category_utilities_sum_28d,0.0
bank_txn_income_otherincome_category_utilities_count_28d,0.0
bank_txn_income_otherincome_category_utilities_mean_28d,
bank_txn_income_otherincome_category_utilities_median_28d,
bank_txn_income_otherincome_category_utilities_max_28d,
bank_txn_income_otherincome_category_utilities_min_28d,
bank_txn_income_otherincome_category_utilities_std_28d,
bank_txn_income_otherincome_category_utilities_cv_28d,
bank_txn_income_otherincome_category_allothercredits_sum_56d,775.7777945098248
bank_txn_income_otherincome_category_allothercredits_count_56d,1.0
bank_txn_income_otherincome_category_allothercredits_mean_56d,775.7777945098248
bank_txn_income_otherincome_category_allothercredits_median_56d,775.7777945098248
bank_txn_income_otherincome_category_allothercredits_max_56d,775.7777945098248
bank_txn_income_otherincome_category_allothercredits_min_56d,775.7777945098248
bank_txn_income_otherincome_category_allothercredits_std_56d,
bank_txn_income_otherincome_category_allothercredits_cv_56d,
bank_txn_income_otherincome_category_automotive_sum_56d,0.0
bank_txn_income_otherincome_category_automotive_count_56d,0.0
bank_txn_income_otherincome_category_automotive_mean_56d,
bank_txn_income_otherincome_category_automotive_median_56d,
bank_txn_income_otherincome_category_automotive_max_56d,
bank_txn_income_otherincome_category_automotive_min_56d,
bank_txn_income_otherincome_category_automotive_std_56d,
bank_txn_income_otherincome_category_automotive_cv_56d,
bank_txn_income_otherincome_category_education_sum_56d,0.0
bank_txn_income_otherincome_category_education_count_56d,0.0
bank_txn_income_otherincome_category_education_mean_56d,
bank_txn_income_otherincome_category_education_median_56d,
bank_txn_income_otherincome_category_education_max_56d,
bank_txn_income_otherincome_category_education_min_56d,
bank_txn_income_otherincome_category_education_std_56d,
bank_txn_income_otherincome_category_education_cv_56d,
bank_txn_income_otherincome_category_externaltransfers_sum_56d,1801.7809532110928
bank_txn_income_otherincome_category_externaltransfers_count_56d,1.0
bank_txn_income_otherincome_category_externaltransfers_mean_56d,1801.7809532110928
bank_txn_income_otherincome_category_externaltransfers_median_56d,1801.7809532110928
bank_txn_income_otherincome_category_externaltransfers_max_56d,1801.7809532110928
bank_txn_income_otherincome_category_externaltransfers_min_56d,1801.7809532110928
bank_txn_income_otherincome_category_externaltransfers_std_56d,
bank_txn_income_otherincome_category_externaltransfers_cv_56d,
bank_txn_income_otherincome_category_gambling_sum_56d,4866.471599449697
bank_txn_income_otherincome_category_gambling_count_56d,3.0
bank_txn_income_otherincome_category_gambling_mean_56d,1622.1571998165657
bank_txn_income_otherincome_category_gambling_median_56d,1591.4999942014363
bank_txn_income_otherincome_category_gambling_max_56d,1875.4659831144447
bank_txn_income_otherincome_category_gambling_min_56d,1399.5056221338164
bank_txn_income_otherincome_category_gambling_std_56d,195.5154972515798
bank_txn_income_otherincome_category_gambling_cv_56d,0.12052808277378345
bank_txn_income_otherincome_category_gymsandothermemberships_sum_56d,0.0
bank_txn_income_otherincome_category_gymsandothermemberships_count_56d,0.0
bank_txn_income_otherincome_category_gymsandothermemberships_mean_56d,
bank_txn_income_otherincome_category_gymsandothermemberships_median_56d,
bank_txn_income_otherincome_category_gymsandothermemberships_max_56d,
bank_txn_income_otherincome_category_gymsandothermemberships_min_56d,
bank_txn_income_otherincome_category_gymsandothermemberships_std_56d,
bank_txn_income_otherincome_category_gymsandothermemberships_cv_56d,
bank_txn_income_otherincome_category_health_sum_56d,0.0
bank_txn_income_otherincome_category_health_count_56d,0.0
bank_txn_income_otherincome_category_health_mean_56d,
bank_txn_income_otherincome_category_health_median_56d,
bank_txn_income_otherincome_category_health_max_56d,
bank_txn_income_otherincome_category_health_min_56d,
bank_txn_income_otherincome_category_health_std_56d,
bank_txn_income_otherincome_category_health_cv_56d,
bank_txn_income_otherincome_category_insurance_sum_56d,655.1375079563239
bank_txn_income_otherincome_category_insurance_count_56d,1.0
bank_txn_income_otherincome_category_insurance_mean_56d,655.1375079563239
bank_txn_income_otherincome_category_insurance_median_56d,655.1375079563239
bank_txn_income_otherincome_category_insurance_max_56d,655.1375079563239
bank_txn_income_otherincome_category_insurance_min_56d,655.1375079563239
bank_txn_income_otherincome_category_insurance_std_56d,
bank_txn_income_otherincome_category_insurance_cv_56d,
bank_txn_income_otherincome_category_internaltransfer_sum_56d,0.0
bank_txn_income_otherincome_category_internaltransfer_count_56d,0.0
bank_txn_income_otherincome_category_internaltransfer_mean_56d,
bank_txn_income_otherincome_category_internaltransfer_median_56d,
bank_txn_income_otherincome_category_internaltransfer_max_56d,
bank_txn_income_otherincome_category_internaltransfer_min_56d,
bank_txn_income_otherincome_category_internaltransfer_std_56d,
bank_txn_income_otherincome_category_internaltransfer_cv_56d,
bank_txn_income_otherincome_category_rent_sum_56d,0.0
bank_txn_income_otherincome_category_rent_count_56d,0.0
bank_txn_income_otherincome_category_rent_mean_56d,
bank_txn_income_otherincome_category_rent_median_56d,
bank_txn_income_otherincome_category_rent_max_56d,
bank_txn_income_otherincome_category_rent_min_56d,
bank_txn_income_otherincome_category_rent_std_56d,
bank_txn_income_otherincome_category_rent_cv_56d,
bank_txn_income_otherincome_category_telecommunications_sum_56d,0.0
bank_txn_income_otherincome_category_telecommunications_count_56d,0.0
bank_txn_income_otherincome_category_telecommunications_mean_56d,
bank_txn_income_otherincome_category_telecommunications_median_56d,
bank_txn_income_otherincome_category_telecommunications_max_56d,
bank_txn_income_otherincome_category_telecommunications_min_56d,
bank_txn_income_otherincome_category_telecommunications_std_56d,
bank_txn_income_otherincome_category_telecommunications_cv_56d,
bank_txn_income_otherincome_category_travel_sum_56d,1168.9201644647978
bank_txn_income_otherincome_category_travel_count_56d,2.0
bank_txn_income_otherincome_category_travel_mean_56d,584.4600822323989
bank_txn_income_otherincome_category_travel_median_56d,584.4600822323989
bank_txn_income_otherincome_category_travel_max_56d,790.1214408861875
bank_txn_income_otherincome_category_travel_min_56d,378.7987235786104
bank_txn_income_otherincome_category_travel_std_56d,205.66135865378857
bank_txn_income_otherincome_category_travel_cv_56d,0.35188264332483776
bank_txn_income_otherincome_category_utilities_sum_56d,0.0
bank_txn_income_otherincome_category_utilities_count_56d,0.0
bank_txn_income_otherincome_category_utilities_mean_56d,
bank_txn_income_otherincome_category_utilities_median_56d,
bank_txn_income_otherincome_category_utilities_max_56d,
bank_txn_income_otherincome_category_utilities_min_56d,
bank_txn_income_otherincome_category_utilities_std_56d,
bank_txn_income_otherincome_category_utilities_cv_56d,
bank_txn_income_otherincome_category_allothercredits_sum_84d,775.7777945098248
bank_txn_income_otherincome_category_allothercredits_count_84d,1.0
bank_txn_income_otherincome_category_allothercredits_mean_84d,775.7777945098248
bank_txn_income_otherincome_category_allothercredits_median_84d,775.7777945098248
bank_txn_income_otherincome_category_allothercredits_max_84d,775.7777945098248
bank_txn_income_otherincome_category_allothercredits_min_84d,775.7777945098248
bank_txn_income_otherincome_category_allothercredits_std_84d,
bank_txn_income_otherincome_category_allothercredits_cv_84d,
bank_txn_income_otherincome_category_automotive_sum_84d,0.0
bank_txn_income_otherincome_category_automotive_count_84d,0.0
bank_txn_income_otherincome_category_automotive_mean_84d,
bank_txn_income_otherincome_category_automotive_median_84d,
bank_txn_income_otherincome_category_automotive_max_84d,
bank_txn_income_otherincome_category_automotive_min_84d,
bank_txn_income_otherincome_category_automotive_std_84d,
bank_txn_income_otherincome_category_automotive_cv_84d,
bank_txn_income_otherincome_category_education_sum_84d,0.0
bank_txn_income_otherincome_category_education_count_84d,0.0
bank_txn_income_otherincome_category_education_mean_84d,
bank_txn_income_otherincome_category_education_median_84d,
bank_txn_income_otherincome_category_education_max_84d,
bank_txn_income_otherincome_category_education_min_84d,
bank_txn_income_otherincome_category_education_std_84d,
bank_txn_income_otherincome_category_education_cv_84d,
bank_txn_income_otherincome_category_externaltransfers_sum_84d,1801.7809532110928
bank_txn_income_otherincome_category_externaltransfers_count_84d,1.0
bank_txn_income_otherincome_category_externaltransfers_mean_84d,1801.7809532110928
bank_txn_income_otherincome_category_externaltransfers_median_84d,1801.7809532110928
bank_txn_income_otherincome_category_externaltransfers_max_84d,1801.7809532110928
bank_txn_income_otherincome_category_externaltransfers_min_84d,1801.7809532110928
bank_txn_income_otherincome_category_externaltransfers_std_84d,
bank_txn_income_otherincome_category_externaltransfers_cv_84d,
bank_txn_income_otherincome_category_gambling_sum_84d,4866.471599449697
bank_txn_income_otherincome_category_gambling_count_84d,3.0
bank_txn_income_otherincome_category_gambling_mean_84d,1622.1571998165657
bank_txn_income_otherincome_category_gambling_median_84d,1591.4999942014363
bank_txn_income_otherincome_category_gambling_max_84d,1875.4659831144447
bank_txn_income_otherincome_category_gambling_min_84d,1399.5056221338164
bank_txn_income_otherincome_category_gambling_std_84d,195.5154972515798
bank_txn_income_otherincome_category_gambling_cv_84d,0.12052808277378345
bank_txn_income_otherincome_category_gymsandothermemberships_sum_84d,0.0
bank_txn_income_otherincome_category_gymsandothermemberships_count_84d,0.0
bank_txn_income_otherincome_category_gymsandothermemberships_mean_84d,
bank_txn_income_otherincome_category_gymsandothermemberships_median_84d,
bank_txn_income_otherincome_category_gymsandothermemberships_max_84d,
bank_txn_income_otherincome_category_gymsandothermemberships_min_84d,
bank_txn_income_otherincome_category_gymsandothermemberships_std_84d,
bank_txn_income_otherincome_category_gymsandothermemberships_cv_84d,
bank_txn_income_otherincome_category_health_sum_84d,0.0
bank_txn_income_otherincome_category_health_count_84d,0.0
bank_txn_income_otherincome_category_health_mean_84d,
bank_txn_income_otherincome_category_health_median_84d,
bank_txn_income_otherincome_category_health_max_84d,
bank_txn_income_otherincome_category_health_min_84d,
bank_txn_income_otherincome_category_health_std_84d,
bank_txn_income_otherincome_category_health_cv_84d,
bank_txn_income_otherincome_category_insurance_sum_84d,655.1375079563239
bank_txn_income_otherincome_category_insurance_count_84d,1.0
bank_txn_income_otherincome_category_insurance_mean_84d,655.1375079563239
bank_txn_income_otherincome_category_insurance_median_84d,655.1375079563239
bank_txn_income_otherincome_category_insurance_max_84d,655.1375079563239
bank_txn_income_otherincome_category_insurance_min_84d,655.1375079563239
bank_txn_income_otherincome_category_insurance_std_84d,
bank_txn_income_otherincome_category_insurance_cv_84d,
bank_txn_income_otherincome_category_internaltransfer_sum_84d,0.0
bank_txn_income_otherincome_category_internaltransfer_count_84d,0.0
bank_txn_income_otherincome_category_internaltransfer_mean_84d,
bank_txn_income_otherincome_category_internaltransfer_median_84d,
bank_txn_income_otherincome_category_internaltransfer_max_84d,
bank_txn_income_otherincome_category_internaltransfer_min_84d,
bank_txn_income_otherincome_category_internaltransfer_std_84d,
bank_txn_income_otherincome_category_internaltransfer_cv_84d,
bank_txn_income_otherincome_category_rent_sum_84d,1553.8301485469844
bank_txn_income_otherincome_category_rent_count_84d,1.0
bank_txn_income_otherincome_category_rent_mean_84d,1553.8301485469844
bank_txn_income_otherincome_category_rent_median_84d,1553.8301485469844
bank_txn_income_otherincome_category_rent_max_84d,1553.8301485469844
bank_txn_income_otherincome_category_rent_min_84d,1553.8301485469844
bank_txn_income_otherincome_category_rent_std_84d,
bank_txn_income_otherincome_category_rent_cv_84d,
bank_txn_income_otherincome_category_telecommunications_sum_84d,0.0
bank_txn_income_otherincome_category_telecommunications_count_84d,0.0
bank_txn_income_otherincome_category_telecommunications_mean_84d,
bank_txn_income_otherincome_category_telecommunications_median_84d,
bank_txn_income_otherincome_category_telecommunications_max_84d,
bank_txn_income_otherincome_category_telecommunications_min_84d,
bank_txn_income_otherincome_category_telecommunications_std_84d,
bank_txn_income_otherincome_category_telecommunications_cv_84d,
bank_txn_income_otherincome_category_travel_sum_84d,1168.9201644647978
bank_txn_income_otherincome_category_travel_count_84d,2.0
bank_txn_income_otherincome_category_travel_mean_84d,584.4600822323989
bank_txn_income_otherincome_category_travel_median_84d,584.4600822323989
bank_txn_income_otherincome_category_travel_max_84d,790.1214408861875
bank_txn_income_otherincome_category_travel_min_84d,378.7987235786104
bank_txn_income_otherincome_category_travel_std_84d,205.66135865378857
bank_txn_income_otherincome_category_travel_cv_84d,0.35188264332483776
bank_txn_income_otherincome_category_utilities_sum_84d,0.0
bank_txn_income_otherincome_category_utilities_count_84d,0.0
bank_txn_income_otherincome_category_utilities_mean_84d,
bank_txn_income_otherincome_category_utilities_median_84d,
bank_txn_income_otherincome_category_utilities_max_84d,
bank_txn_income_otherincome_category_utilities_min_84d,
bank_txn_income_otherincome_category_utilities_std_84d,
bank_txn_income_otherincome_category_utilities_cv_84d,
bank_txn_income_otherincome_category_allothercredits_sum_168d,3977.6015569567357
bank_txn_income_otherincome_category_allothercredits_count_168d,4.0
bank_txn_income_otherincome_category_allothercredits_mean_168d,994.4003892391839
bank_txn_income_otherincome_category_allothercredits_median_168d,905.8725012929871
bank_txn_income_otherincome_category_allothercredits_max_168d,1684.4619748721102
bank_txn_income_otherincome_category_allothercredits_min_168d,481.39457949865164
bank_txn_income_otherincome_category_allothercredits_std_168d,444.09559560645005
bank_txn_income_otherincome_category_allothercredits_cv_168d,0.4465963613974726
bank_txn_income_otherincome_category_automotive_sum_168d,0.0
bank_txn_income_otherincome_category_automotive_count_168d,0.0
bank_txn_income_otherincome_category_automotive_mean_168d,
bank_txn_income_otherincome_category_automotive_median_168d,
bank_txn_income_otherincome_category_automotive_max_168d,
bank_txn_income_otherincome_category_automotive_min_168d,
bank_txn_income_otherincome_category_automotive_std_168d,
bank_txn_income_otherincome_category_automotive_cv_168d,
bank_txn_income_otherincome_category_education_sum_168d,0.0
bank_txn_income_otherincome_category_education_count_168d,0.0
bank_txn_income_otherincome_category_education_mean_168d,
bank_txn_income_otherincome_category_education_median_168d,
bank_txn_income_otherincome_category_education_max_168d,
bank_txn_income_otherincome_category_education_min_168d,
bank_txn_income_otherincome_category_education_std_168d,
bank_txn_income_otherincome_category_education_cv_168d,
bank_txn_income_otherincome_category_externaltransfers_sum_168d,1801.7809532110928
bank_txn_income_otherincome_category_externaltransfers_count_168d,1.0
bank_txn_income_otherincome_category_externaltransfers_mean_168d,1801.7809532110928
bank_txn_income_otherincome_category_externaltransfers_median_168d,1801.7809532110928
bank_txn_income_otherincome_category_externaltransfers_max_168d,1801.7809532110928
bank_txn_income_otherincome_category_externaltransfers_min_168d,1801.7809532110928
bank_txn_income_otherincome_category_externaltransfers_std_168d,
bank_txn_income_otherincome_category_externaltransfers_cv_168d,
bank_txn_income_otherincome_category_gambling_sum_168d,5724.948157005232
bank_txn_income_otherincome_category_gambling_count_168d,4.0
bank_txn_income_otherincome_category_gambling_mean_168d,1431.237039251308
bank_txn_income_otherincome_category_gambling_median_168d,1495.5028081676264
bank_txn_income_otherincome_category_gambling_max_168d,1875.4659831144447
bank_txn_income_otherincome_category_gambling_min_168d,858.4765575555349
bank_txn_income_otherincome_category_gambling_std_168d,371.5121200983095
bank_txn_income_otherincome_category_gambling_cv_168d,0.25957413755351844
bank_txn_income_otherincome_category_gymsandothermemberships_sum_168d,0.0
bank_txn_income_otherincome_category_gymsandothermemberships_count_168d,0.0
bank_txn_income_otherincome_category_gymsandothermemberships_mean_168d,
bank_txn_income_otherincome_category_gymsandothermemberships_median_168d,
bank_txn_income_otherincome_category_gymsandothermemberships_max_168d,
bank_txn_income_otherincome_category_gymsandothermemberships_min_168d,
bank_txn_income_otherincome_category_gymsandothermemberships_std_168d,
bank_txn_income_otherincome_category_gymsandothermemberships_cv_168d,
bank_txn_income_otherincome_category_health_sum_168d,0.0
bank_txn_income_otherincome_category_health_count_168d,0.0
bank_txn_income_otherincome_category_health_mean_168d,
bank_txn_income_otherincome_category_health_median_168d,
bank_txn_income_otherincome_category_health_max_168d,
bank_txn_income_otherincome_category_health_min_168d,
bank_txn_income_otherincome_category_health_std_168d,
bank_txn_income_otherincome_category_health_cv_168d,
bank_txn_income_otherincome_category_insurance_sum_168d,1082.407925925772
bank_txn_income_otherincome_category_insurance_count_168d,3.0
bank_txn_income_otherincome_category_insurance_mean_168d,360.8026419752573
bank_txn_income_otherincome_category_insurance_median_168d,322.86982441872664
bank_txn_income_otherincome_category_insurance_max_168d,655.1375079563239
bank_txn_income_otherincome_category_insurance_min_168d,104.40059355072134
bank_txn_income_otherincome_category_insurance_std_168d,226.4316838961718
bank_txn_income_otherincome_category_insurance_cv_168d,0.6275776769719434
bank_txn_income_otherincome_category_internaltransfer_sum_168d,0.0
bank_txn_income_otherincome_category_internaltransfer_count_168d,0.0
bank_txn_income_otherincome_category_internaltransfer_mean_168d,
bank_txn_income_otherincome_category_internaltransfer_median_168d,
bank_txn_income_otherincome_category_internaltransfer_max_168d,
bank_txn_income_otherincome_category_internaltransfer_min_168d,
bank_txn_income_otherincome_category_internaltransfer_std_168d,
bank_txn_income_otherincome_category_internaltransfer_cv_168d,
bank_txn_income_otherincome_category_rent_sum_168d,1727.2576749329407
bank_txn_income_otherincome_category_rent_count_168d,2.0
bank_txn_income_otherincome_category_rent_mean_168d,863.6288374664704
bank_txn_income_otherincome_category_rent_median_168d,863.6288374664704
bank_txn_income_otherincome_category_rent_max_168d,1553.8301485469844
bank_txn_income_otherincome_category_rent_min_168d,173.42752638595633
bank_txn_income_otherincome_category_rent_std_168d,690.2013110805141
bank_txn_income_otherincome_category_rent_cv_168d,0.7991874299905027
bank_txn_income_otherincome_category_telecommunications_sum_168d,0.0
bank_txn_income_otherincome_category_telecommunications_count_168d,0.0
bank_txn_income_otherincome_category_telecommunications_mean_168d,
bank_txn_income_otherincome_category_telecommunications_median_168d,
bank_txn_income_otherincome_category_telecommunications_max_168d,
bank_txn_income_otherincome_category_telecommunications_min_168d,
bank_txn_income_otherincome_category_telecommunications_std_168d,
bank_txn_income_otherincome_category_telecommunications_cv_168d,
bank_txn_income_otherincome_category_travel_sum_168d,1168.9201644647978
bank_txn_income_otherincome_category_travel_count_168d,2.0
bank_txn_income_otherincome_category_travel_mean_168d,584.4600822323989
bank_txn_income_otherincome_category_travel_median_168d,584.4600822323989
bank_txn_income_otherincome_category_travel_max_168d,790.1214408861875
bank_txn_income_otherincome_category_travel_min_168d,378.7987235786104
bank_txn_income_otherincome_category_travel_std_168d,205.66135865378857
bank_txn_income_otherincome_category_travel_cv_168d,0.35188264332483776
bank_txn_income_otherincome_category_utilities_sum_168d,0.0
bank_txn_income_otherincome_category_utilities_count_168d,0.0
bank_txn_income_otherincome_category_utilities_mean_168d,
bank_txn_income_otherincome_category_utilities_median_168d,
bank_txn_income_otherincome_category_utilities_max_168d,
bank_txn_income_otherincome_category_utilities_min_168d,
bank_txn_income_otherincome_category_utilities_std_168d,
bank_txn_income_otherincome_category_utilities_cv_168d,
bank_txn_income_otherincome_category_allothercredits_sum_182d,5683.158943328739
bank_txn_income_otherincome_category_allothercredits_count_182d,5.0
bank_txn_income_otherincome_category_allothercredits_mean_182d,1136.6317886657478
bank_txn_income_otherincome_category_allothercredits_median_182d,1035.9672080761493
bank_txn_income_otherincome_category_allothercredits_max_182d,1705.5573863720033
bank_txn_income_otherincome_category_allothercredits_min_182d,481.39457949865164
bank_txn_income_otherincome_category_allothercredits_std_182d,488.565044145601
bank_txn_income_otherincome_category_allothercredits_cv_182d,0.4298358087618774
bank_txn_income_otherincome_category_automotive_sum_182d,0.0
bank_txn_income_otherincome_category_automotive_count_182d,0.0
bank_txn_income_otherincome_category_automotive_mean_182d,
bank_txn_income_otherincome_category_automotive_median_182d,
bank_txn_income_otherincome_category_automotive_max_182d,
bank_txn_income_otherincome_category_automotive_min_182d,
bank_txn_income_otherincome_category_automotive_std_182d,
bank_txn_income_otherincome_category_automotive_cv_182d,
bank_txn_income_otherincome_category_education_sum_182d,0.0
bank_txn_income_otherincome_category_education_count_182d,0.0
bank_txn_income_otherincome_category_education_mean_182d,
bank_txn_income_otherincome_category_education_median_182d,
bank_txn_income_otherincome_category_education_max_182d,
bank_txn_income_otherincome_category_education_min_182d,
bank_txn_income_otherincome_category_education_std_182d,
bank_txn_income_otherincome_category_education_cv_182d,
bank_txn_income_otherincome_category_externaltransfers_sum_182d,1801.7809532110928
bank_txn_income_otherincome_category_externaltransfers_count_182d,1.0
bank_txn_income_otherincome_category_externaltransfers_mean_182d,1801.7809532110928
bank_txn_income_otherincome_category_externaltransfers_median_182d,1801.7809532110928
bank_txn_income_otherincome_category_externaltransfers_max_182d,1801.7809532110928
bank_txn_income_otherincome_category_externaltransfers_min_182d,1801.7809532110928
bank_txn_income_otherincome_category_externaltransfers_std_182d,
bank_txn_income_otherincome_category_externaltransfers_cv_182d,
bank_txn_income_otherincome_category_gambling_sum_182d,7613.024522218444
bank_txn_income_otherincome_category_gambling_count_182d,5.0
bank_txn_income_otherincome_category_gambling_mean_182d,1522.6049044436888
bank_txn_income_otherincome_category_gambling_median_182d,1591.4999942014363
bank_txn_income_otherincome_category_gambling_max_182d,1888.0763652132114
bank_txn_income_otherincome_category_gambling_min_182d,858.4765575555349
bank_txn_income_otherincome_category_gambling_std_182d,379.2220345169895
bank_txn_income_otherincome_category_gambling_cv_182d,0.24906135098490642
bank_txn_income_otherincome_category_gymsandothermemberships_sum_182d,0.0
bank_txn_income_otherincome_category_gymsandothermemberships_count_182d,0.0
bank_txn_income_otherincome_category_gymsandothermemberships_mean_182d,
bank_txn_income_otherincome_category_gymsandothermemberships_median_182d,
bank_txn_income_otherincome_category_gymsandothermemberships_max_182d,
bank_txn_income_otherincome_category_gymsandothermemberships_min_182d,
bank_txn_income_otherincome_category_gymsandothermemberships_std_182d,
bank_txn_income_otherincome_category_gymsandothermemberships_cv_182d,
bank_txn_income_otherincome_category_health_sum_182d,0.0
bank_txn_income_otherincome_category_health_count_182d,0.0
bank_txn_income_otherincome_category_health_mean_182d,
bank_txn_income_otherincome_category_health_median_182d,
bank_txn_income_otherincome_category_health_max_182d,
bank_txn_income_otherincome_category_health_min_182d,
bank_txn_income_otherincome_category_health_std_182d,
bank_txn_income_otherincome_category_health_cv_182d,
bank_txn_income_otherincome_category_insurance_sum_182d,1082.407925925772
bank_txn_income_otherincome_category_insurance_count_182d,3.0
bank_txn_income_otherincome_category_insurance_mean_182d,360.8026419752573
bank_txn_income_otherincome_category_insurance_median_182d,322.86982441872664
bank_txn_income_otherincome_category_insurance_max_182d,655.1375079563239
bank_txn_income_otherincome_category_insurance_min_182d,104.40059355072134
bank_txn_income_otherincome_category_insurance_std_182d,226.4316838961718
bank_txn_income_otherincome_category_insurance_cv_182d,0.6275776769719434
bank_txn_income_otherincome_category_internaltransfer_sum_182d,0.0
bank_txn_income_otherincome_category_internaltransfer_count_182d,0.0
bank_txn_income_otherincome_category_internaltransfer_mean_182d,
bank_txn_income_otherincome_category_internaltransfer_median_182d,
bank_txn_income_otherincome_category_internaltransfer_max_182d,
bank_txn_income_otherincome_category_internaltransfer_min_182d,
bank_txn_income_otherincome_category_internaltransfer_std_182d,
bank_txn_income_otherincome_category_internaltransfer_cv_182d,
bank_txn_income_otherincome_category_rent_sum_182d,2143.4989673585674
bank_txn_income_otherincome_category_rent_count_182d,3.0
bank_txn_income_otherincome_category_rent_mean_182d,714.4996557861891
bank_txn_income_otherincome_category_rent_median_182d,416.24129242562645
bank_txn_income_otherincome_category_rent_max_182d,1553.8301485469844
bank_txn_income_otherincome_category_rent_min_182d,173.42752638595633
bank_txn_income_otherincome_category_rent_std_182d,601.7177568169047
bank_txn_income_otherincome_category_rent_cv_182d,0.842152619590577
bank_txn_income_otherincome_category_telecommunications_sum_182d,0.0
bank_txn_income_otherincome_category_telecommunications_count_182d,0.0
bank_txn_income_otherincome_category_telecommunications_mean_182d,
bank_txn_income_otherincome_category_telecommunications_median_182d,
bank_txn_income_otherincome_category_telecommunications_max_182d,
bank_txn_income_otherincome_category_telecommunications_min_182d,
bank_txn_income_otherincome_category_telecommunications_std_182d,
bank_txn_income_otherincome_category_telecommunications_cv_182d,
bank_txn_income_otherincome_category_travel_sum_182d,1168.9201644647978
bank_txn_income_otherincome_category_travel_count_182d,2.0
bank_txn_income_otherincome_category_travel_mean_182d,584.4600822323989
bank_txn_income_otherincome_category_travel_median_182d,584.4600822323989
bank_txn_income_otherincome_category_travel_max_182d,790.1214408861875
bank_txn_income_otherincome_category_travel_min_182d,378.7987235786104
bank_txn_income_otherincome_category_travel_std_182d,205.66135865378857
bank_txn_income_otherincome_category_travel_cv_182d,0.35188264332483776
bank_txn_income_otherincome_category_utilities_sum_182d,0.0
bank_txn_income_otherincome_category_utilities_count_182d,0.0
bank_txn_income_otherincome_category_utilities_mean_182d,
bank_txn_income_otherincome_category_utilities_median_182d,
bank_txn_income_otherincome_category_utilities_max_182d,
bank_txn_income_otherincome_category_utilities_min_182d,
bank_txn_income_otherincome_category_utilities_std_182d,
bank_txn_income_otherincome_category_utilities_cv_182d,
bank_txn_income_otherincome_category_allothercredits_ratio_7d,0.0
bank_txn_income_otherincome_category_allothercredits_ratio_total_7d,0.0
bank_txn_income_otherincome_category_automotive_ratio_7d,0.0
bank_txn_income_otherincome_category_automotive_ratio_total_7d,0.0
bank_txn_income_otherincome_category_education_ratio_7d,0.0
bank_txn_income_otherincome_category_education_ratio_total_7d,0.0
bank_txn_income_otherincome_category_externaltransfers_ratio_7d,0.0
bank_txn_income_otherincome_category_externaltransfers_ratio_total_7d,0.0
bank_txn_income_otherincome_category_gambling_ratio_7d,1.0
bank_txn_income_otherincome_category_gambling_ratio_total_7d,0.5231312609294626
bank_txn_income_otherincome_category_gymsandothermemberships_ratio_7d,0.0
bank_txn_income_otherincome_category_gymsandothermemberships_ratio_total_7d,0.0
bank_txn_income_otherincome_category_health_ratio_7d,0.0
bank_txn_income_otherincome_category_health_ratio_total_7d,0.0
bank_txn_income_otherincome_category_insurance_ratio_7d,0.0
bank_txn_income_otherincome_category_insurance_ratio_total_7d,0.0
bank_txn_income_otherincome_category_internaltransfer_ratio_7d,0.0
bank_txn_income_otherincome_category_internaltransfer_ratio_total_7d,0.0
bank_txn_income_otherincome_category_rent_ratio_7d,0.0
bank_txn_income_otherincome_category_rent_ratio_total_7d,0.0
bank_txn_income_otherincome_category_telecommunications_ratio_7d,0.0
bank_txn_income_otherincome_category_telecommunications_ratio_total_7d,0.0
bank_txn_income_otherincome_category_travel_ratio_7d,0.0
bank_txn_income_otherincome_category_travel_ratio_total_7d,0.0
bank_txn_income_otherincome_category_utilities_ratio_7d,0.0
bank_txn_income_otherincome_category_utilities_ratio_total_7d,0.0
bank_txn_income_otherincome_category_allothercredits_ratio_14d,0.0
bank_txn_income_otherincome_category_allothercredits_ratio_total_14d,0.0
bank_txn_income_otherincome_category_automotive_ratio_14d,0.0
bank_txn_income_otherincome_category_automotive_ratio_total_14d,0.0
bank_txn_income_otherincome_category_education_ratio_14d,0.0
bank_txn_income_otherincome_category_education_ratio_total_14d,0.0
bank_txn_income_otherincome_category_externaltransfers_ratio_14d,0.0
bank_txn_income_otherincome_category_externaltransfers_ratio_total_14d,0.0
bank_txn_income_otherincome_category_gambling_ratio_14d,1.0
bank_txn_income_otherincome_category_gambling_ratio_total_14d,0.5231312609294626
bank_txn_income_otherincome_category_gymsandothermemberships_ratio_14d,0.0
bank_txn_income_otherincome_category_gymsandothermemberships_ratio_total_14d,0.0
bank_txn_income_otherincome_category_health_ratio_14d,0.0
bank_txn_income_otherincome_category_health_ratio_total_14d,0.0
bank_txn_income_otherincome_category_insurance_ratio_14d,0.0
bank_txn_income_otherincome_category_insurance_ratio_total_14d,0.0
bank_txn_income_otherincome_category_internaltransfer_ratio_14d,0.0
bank_txn_income_otherincome_category_internaltransfer_ratio_total_14d,0.0
bank_txn_income_otherincome_category_rent_ratio_14d,0.0
bank_txn_income_otherincome_category_rent_ratio_total_14d,0.0
bank_txn_income_otherincome_category_telecommunications_ratio_14d,0.0
bank_txn_income_otherincome_category_telecommunications_ratio_total_14d,0.0
bank_txn_income_otherincome_category_travel_ratio_14d,0.0
bank_txn_income_otherincome_category_travel_ratio_total_14d,0.0
bank_txn_income_otherincome_category_utilities_ratio_14d,0.0
bank_txn_income_otherincome_category_utilities_ratio_total_14d,0.0
bank_txn_income_otherincome_category_allothercredits_ratio_28d,0.0
bank_txn_income_otherincome_category_allothercredits_ratio_total_28d,0.0
bank_txn_income_otherincome_category_automotive_ratio_28d,0.0
bank_txn_income_otherincome_category_automotive_ratio_total_28d,0.0
bank_txn_income_otherincome_category_education_ratio_28d,0.0
bank_txn_income_otherincome_category_education_ratio_total_28d,0.0
bank_txn_income_otherincome_category_externaltransfers_ratio_28d,0.0
bank_txn_income_otherincome_category_externaltransfers_ratio_total_28d,0.0
bank_txn_income_otherincome_category_gambling_ratio_28d,1.0
bank_txn_income_otherincome_category_gambling_ratio_total_28d,0.3651119722802098
bank_txn_income_otherincome_category_gymsandothermemberships_ratio_28d,0.0
bank_txn_income_otherincome_category_gymsandothermemberships_ratio_total_28d,0.0
bank_txn_income_otherincome_category_health_ratio_28d,0.0
bank_txn_income_otherincome_category_health_ratio_total_28d,0.0
bank_txn_income_otherincome_category_insurance_ratio_28d,0.0
bank_txn_income_otherincome_category_insurance_ratio_total_28d,0.0
bank_txn_income_otherincome_category_internaltransfer_ratio_28d,0.0
bank_txn_income_otherincome_category_internaltransfer_ratio_total_28d,0.0
bank_txn_income_otherincome_category_rent_ratio_28d,0.0
bank_txn_income_otherincome_category_rent_ratio_total_28d,0.0
bank_txn_income_otherincome_category_telecommunications_ratio_28d,0.0
bank_txn_income_otherincome_category_telecommunications_ratio_total_28d,0.0
bank_txn_income_otherincome_category_travel_ratio_28d,0.0
bank_txn_income_otherincome_category_travel_ratio_total_28d,0.0
bank_txn_income_otherincome_category_utilities_ratio_28d,0.0
bank_txn_income_otherincome_category_utilities_ratio_total_28d,0.0
bank_txn_income_otherincome_category_allothercredits_ratio_56d,0.0837041893505882
bank_txn_income_otherincome_category_allothercredits_ratio_total_56d,0.02944448414395309
bank_txn_income_otherincome_category_automotive_ratio_56d,0.0
bank_txn_income_otherincome_category_automotive_ratio_total_56d,0.0
bank_txn_income_otherincome_category_education_ratio_56d,0.0
bank_txn_income_otherincome_category_education_ratio_total_56d,0.0
bank_txn_income_otherincome_category_externaltransfers_ratio_56d,0.19440697470743937
bank_txn_income_otherincome_category_externaltransfers_ratio_total_56d,0.0683862197180082
bank_txn_income_otherincome_category_gambling_ratio_56d,0.52507826740127
bank_txn_income_otherincome_category_gambling_ratio_total_56d,0.1847059130347149
bank_txn_income_otherincome_category_gymsandothermemberships_ratio_56d,0.0
bank_txn_income_otherincome_category_gymsandothermemberships_ratio_total_56d,0.0
bank_txn_income_otherincome_category_health_ratio_56d,0.0
bank_txn_income_otherincome_category_health_ratio_total_56d,0.0
bank_txn_income_otherincome_category_insurance_ratio_56d,0.07068744994344399
bank_txn_income_otherincome_category_insurance_ratio_total_56d,0.024865607267500384
bank_txn_income_otherincome_category_internaltransfer_ratio_56d,0.0
bank_txn_income_otherincome_category_internaltransfer_ratio_total_56d,0.0
bank_txn_income_otherincome_category_rent_ratio_56d,0.0
bank_txn_income_otherincome_category_rent_ratio_total_56d,0.0
bank_txn_income_otherincome_category_telecommunications_ratio_56d,0.0
bank_txn_income_otherincome_category_telecommunications_ratio_total_56d,0.0
bank_txn_income_otherincome_category_travel_ratio_56d,0.12612311859725833
bank_txn_income_otherincome_category_travel_ratio_total_56d,0.044366120674900145
bank_txn_income_otherincome_category_utilities_ratio_56d,0.0
bank_txn_income_otherincome_category_utilities_ratio_total_56d,0.0
bank_txn_income_otherincome_category_allothercredits_ratio_84d,0.07168579381738682
bank_txn_income_otherincome_category_allothercredits_ratio_total_84d,0.021224751858126067
bank_txn_income_otherincome_category_automotive_ratio_84d,0.0
bank_txn_income_otherincome_category_automotive_ratio_total_84d,0.0
bank_txn_income_otherincome_category_education_ratio_84d,0.0
bank_txn_income_otherincome_category_education_ratio_total_84d,0.0
bank_txn_income_otherincome_category_externaltransfers_ratio_84d,0.16649367748092886
bank_txn_income_otherincome_category_externaltransfers_ratio_total_84d,0.04929549918191036
bank_txn_income_otherincome_category_gambling_ratio_84d,0.4496866011958293
bank_txn_income_otherincome_category_gambling_ratio_total_84d,0.13314334704333894
bank_txn_income_otherincome_category_gymsandothermemberships_ratio_84d,0.0
bank_txn_income_otherincome_category_gymsandothermemberships_ratio_total_84d,0.0
bank_txn_income_otherincome_category_health_ratio_84d,0.0
bank_txn_income_otherincome_category_health_ratio_total_84d,0.0
bank_txn_income_otherincome_category_insurance_ratio_84d,0.06053802087370635
bank_txn_income_otherincome_category_insurance_ratio_total_84d,0.017924115819930142
bank_txn_income_otherincome_category_internaltransfer_ratio_84d,0.0
bank_txn_income_otherincome_category_internaltransfer_ratio_total_84d,0.0
bank_txn_income_otherincome_category_rent_ratio_84d,0.1435817684448662
bank_txn_income_otherincome_category_rent_ratio_total_84d,0.04251173411508009
bank_txn_income_otherincome_category_telecommunications_ratio_84d,0.0
bank_txn_income_otherincome_category_telecommunications_ratio_total_84d,0.0
bank_txn_income_otherincome_category_travel_ratio_84d,0.1080141381872824
bank_txn_income_otherincome_category_travel_ratio_total_84d,0.03198085922065025
bank_txn_income_otherincome_category_utilities_ratio_84d,0.0
bank_txn_income_otherincome_category_utilities_ratio_total_84d,0.0
bank_txn_income_otherincome_category_allothercredits_ratio_168d,0.25690260451243424
bank_txn_income_otherincome_category_allothercredits_ratio_total_168d,0.0656980068832856
bank_txn_income_otherincome_category_automotive_ratio_168d,0.0
bank_txn_income_otherincome_category_automotive_ratio_total_168d,0.0
bank_txn_income_otherincome_category_education_ratio_168d,0.0
bank_txn_income_otherincome_category_education_ratio_total_168d,0.0
bank_txn_income_otherincome_category_externaltransfers_ratio_168d,0.11637219389942553
bank_txn_income_otherincome_category_externaltransfers_ratio_total_168d,0.029759998775946473
bank_txn_income_otherincome_category_gambling_ratio_168d,0.3697590296999428
bank_txn_income_otherincome_category_gambling_ratio_total_168d,0.09455891396853501
bank_txn_income_otherincome_category_gymsandothermemberships_ratio_168d,0.0
bank_txn_income_otherincome_category_gymsandothermemberships_ratio_total_168d,0.0
bank_txn_income_otherincome_category_health_ratio_168d,0.0
bank_txn_income_otherincome_category_health_ratio_total_168d,0.0
bank_txn_income_otherincome_category_insurance_ratio_168d,0.06990982161822835
bank_txn_income_otherincome_category_insurance_ratio_total_168d,0.017878121362764673
bank_txn_income_otherincome_category_internaltransfer_ratio_168d,0.0
bank_txn_income_otherincome_category_internaltransfer_ratio_total_168d,0.0
bank_txn_income_otherincome_category_rent_ratio_168d,0.11155893545402452
bank_txn_income_otherincome_category_rent_ratio_total_168d,0.02852909850120176
bank_txn_income_otherincome_category_telecommunications_ratio_168d,0.0
bank_txn_income_otherincome_category_telecommunications_ratio_total_168d,0.0
bank_txn_income_otherincome_category_travel_ratio_168d,0.07549741481594455
bank_txn_income_otherincome_category_travel_ratio_total_168d,0.019307043179502385
bank_txn_income_otherincome_category_utilities_ratio_168d,0.0
bank_txn_income_otherincome_category_utilities_ratio_total_168d,0.0
bank_txn_income_otherincome_category_allothercredits_ratio_182d,0.2915518257186533
bank_txn_income_otherincome_category_allothercredits_ratio_total_182d,0.07935174471929231
bank_txn_income_otherincome_category_automotive_ratio_182d,0.0
bank_txn_income_otherincome_category_automotive_ratio_total_182d,0.0
bank_txn_income_otherincome_category_education_ratio_182d,0.0
bank_txn_income_otherincome_category_education_ratio_total_182d,0.0
bank_txn_income_otherincome_category_externaltransfers_ratio_182d,0.09243319282323353
bank_txn_income_otherincome_category_externaltransfers_ratio_total_182d,0.025157568821319438
bank_txn_income_otherincome_category_gambling_ratio_182d,0.39055588992441703
bank_txn_income_otherincome_category_gambling_ratio_total_182d,0.1062977095050157
bank_txn_income_otherincome_category_gymsandothermemberships_ratio_182d,0.0
bank_txn_income_otherincome_category_gymsandothermemberships_ratio_total_182d,0.0
bank_txn_income_otherincome_category_health_ratio_182d,0.0
bank_txn_income_otherincome_category_health_ratio_total_182d,0.0
bank_txn_income_otherincome_category_insurance_ratio_182d,0.05552862591436855
bank_txn_income_otherincome_category_insurance_ratio_total_182d,0.015113242173355877
bank_txn_income_otherincome_category_internaltransfer_ratio_182d,0.0
bank_txn_income_otherincome_category_internaltransfer_ratio_total_182d,0.0
bank_txn_income_otherincome_category_rent_ratio_182d,0.10996367400440817
bank_txn_income_otherincome_category_rent_ratio_total_182d,0.029928844954013975
bank_txn_income_otherincome_category_telecommunications_ratio_182d,0.0
bank_txn_income_otherincome_category_telecommunications_ratio_total_182d,0.0
bank_txn_income_otherincome_category_travel_ratio_182d,0.05996679161491944
bank_txn_income_otherincome_category_travel_ratio_total_182d,0.016321179015541466
bank_txn_income_otherincome_category_utilities_ratio_182d,0.0
bank_txn_income_otherincome_category_utilities_ratio_total_182d,0.0
bank_txn_income_otherincome_category_allothercredits_latest_amount,775.7777945098248
bank_txn_income_otherincome_category_automotive_latest_amount,
bank_txn_income_otherincome_category_education_latest_amount,
bank_txn_income_otherincome_category_externaltransfers_latest_amount,1801.7809532110928
bank_txn_income_otherincome_category_gambling_latest_amount,1591.4999942014363
bank_txn_income_otherincome_category_gymsandothermemberships_latest_amount,
bank_txn_income_otherincome_category_health_latest_amount,
bank_txn_income_otherincome_category_insurance_latest_amount,655.1375079563239
bank_txn_income_otherincome_category_internaltransfer_latest_amount,
bank_txn_income_otherincome_category_rent_latest_amount,1553.8301485469844
bank_txn_income_otherincome_category_telecommunications_latest_amount,
bank_txn_income_otherincome_category_travel_latest_amount,378.7987235786104
bank_txn_income_otherincome_category_utilities_latest_amount,
bank_txn_income_otherincome_category_allothercredits_latest_vs_3m,0.8563873982293612
bank_txn_income_otherincome_category_allothercredits_1m_vs_3m,0.0
bank_txn_income_otherincome_category_allothercredits_3m_vs_6m,0.7969797346213228
bank_txn_income_otherincome_category_automotive_latest_vs_3m,
bank_txn_income_otherincome_category_automotive_1m_vs_3m,
bank_txn_income_otherincome_category_automotive_3m_vs_6m,
bank_txn_income_otherincome_category_education_latest_vs_3m,
bank_txn_income_otherincome_category_education_1m_vs_3m,
bank_txn_income_otherincome_category_education_3m_vs_6m,
bank_txn_income_otherincome_category_externaltransfers_latest_vs_3m,1.0
bank_txn_income_otherincome_category_externaltransfers_1m_vs_3m,0.0
bank_txn_income_otherincome_category_externaltransfers_3m_vs_6m,1.0
bank_txn_income_otherincome_category_gambling_latest_vs_3m,0.9811009650491357
bank_txn_income_otherincome_category_gambling_1m_vs_3m,1.0
bank_txn_income_otherincome_category_gambling_3m_vs_6m,1.0653828810627994
bank_txn_income_otherincome_category_gymsandothermemberships_latest_vs_3m,
bank_txn_income_otherincome_category_gymsandothermemberships_1m_vs_3m,
bank_txn_income_otherincome_category_gymsandothermemberships_3m_vs_6m,
bank_txn_income_otherincome_category_health_latest_vs_3m,
bank_txn_income_otherincome_category_health_1m_vs_3m,
bank_txn_income_otherincome_category_health_3m_vs_6m,
bank_txn_income_otherincome_category_insurance_latest_vs_3m,1.0
bank_txn_income_otherincome_category_insurance_1m_vs_3m,0.0
bank_txn_income_otherincome_category_insurance_3m_vs_6m,1.8157780230479885
bank_txn_income_otherincome_category_internaltransfer_latest_vs_3m,
bank_txn_income_otherincome_category_internaltransfer_1m_vs_3m,
bank_txn_income_otherincome_category_internaltransfer_3m_vs_6m,
bank_txn_income_otherincome_category_rent_latest_vs_3m,1.7991874299905029
bank_txn_income_otherincome_category_rent_1m_vs_3m,0.0
bank_txn_income_otherincome_category_rent_3m_vs_6m,1.2087183394317933
bank_txn_income_otherincome_category_telecommunications_latest_vs_3m,
bank_txn_income_otherincome_category_telecommunications_1m_vs_3m,
bank_txn_income_otherincome_category_telecommunications_3m_vs_6m,
bank_txn_income_otherincome_category_travel_latest_vs_3m,0.6481173566751623
bank_txn_income_otherincome_category_travel_1m_vs_3m,0.0
bank_txn_income_otherincome_category_travel_3m_vs_6m,1.0
bank_txn_income_otherincome_category_utilities_latest_vs_3m,
bank_txn_income_otherincome_category_utilities_1m_vs_3m,
bank_txn_income_otherincome_category_utilities_3m_vs_6m,
bank_txn_income_otherincome_category_allothercredits_interval_std,20.30240133580262
bank_txn_income_otherincome_category_allothercredits_interval_max,58.0
bank_txn_income_otherincome_category_allothercredits_interval_gap_30_count,1.0
bank_txn_income_otherincome_category_automotive_interval_std,
bank_txn_income_otherincome_category_automotive_interval_max,
bank_txn_income_otherincome_category_automotive_interval_gap_30_count,
bank_txn_income_otherincome_category_education_interval_std,
bank_txn_income_otherincome_category_education_interval_max,
bank_txn_income_otherincome_category_education_interval_gap_30_count,
bank_txn_income_otherincome_category_externaltransfers_interval_std,
bank_txn_income_otherincome_category_externaltransfers_interval_max,
bank_txn_income_otherincome_category_externaltransfers_interval_gap_30_count,
bank_txn_income_otherincome_category_gambling_interval_std,44.926606816006036
bank_txn_income_otherincome_category_gambling_interval_max,125.0
bank_txn_income_otherincome_category_gambling_interval_gap_30_count,1.0
bank_txn_income_otherincome_category_gymsandothermemberships_interval_std,
bank_txn_income_otherincome_category_gymsandothermemberships_interval_max,
bank_txn_income_otherincome_category_gymsandothermemberships_interval_gap_30_count,
bank_txn_income_otherincome_category_health_interval_std,
bank_txn_income_otherincome_category_health_interval_max,
bank_txn_income_otherincome_category_health_interval_gap_30_count,
bank_txn_income_otherincome_category_insurance_interval_std,22.0
bank_txn_income_otherincome_category_insurance_interval_max,79.0
bank_txn_income_otherincome_category_insurance_interval_gap_30_count,2.0
bank_txn_income_otherincome_category_internaltransfer_interval_std,
bank_txn_income_otherincome_category_internaltransfer_interval_max,
bank_txn_income_otherincome_category_internaltransfer_interval_gap_30_count,
bank_txn_income_otherincome_category_rent_interval_std,35.5
bank_txn_income_otherincome_category_rent_interval_max,83.0
bank_txn_income_otherincome_category_rent_interval_gap_30_count,1.0
bank_txn_income_otherincome_category_telecommunications_interval_std,
bank_txn_income_otherincome_category_telecommunications_interval_max,
bank_txn_income_otherincome_category_telecommunications_interval_gap_30_count,
bank_txn_income_otherincome_category_travel_interval_std,0.0
bank_txn_income_otherincome_category_travel_interval_max,2.0
bank_txn_income_otherincome_category_travel_interval_gap_30_count,0.0
bank_txn_income_otherincome_category_utilities_interval_std,
bank_txn_income_otherincome_category_utilities_interval_max,
bank_txn_income_otherincome_category_utilities_interval_gap_30_count,
bank_txn_income_otherincome_category_allothercredits_growth_rate_max,2.4991295012635852
bank_txn_income_otherincome_category_allothercredits_growth_rate_min,-0.7177494094627588
bank_txn_income_otherincome_category_automotive_growth_rate_max,
bank_txn_income_otherincome_category_automotive_growth_rate_min,
bank_txn_income_otherincome_category_education_growth_rate_max,
bank_txn_income_otherincome_category_education_growth_rate_min,
bank_txn_income_otherincome_category_externaltransfers_growth_rate_max,
bank_txn_income_otherincome_category_externaltransfers_growth_rate_min,
bank_txn_income_otherincome_category_gambling_growth_rate_max,0.6302199632787087
bank_txn_income_otherincome_category_gambling_growth_rate_min,-0.5453168243761204
bank_txn_income_otherincome_category_gymsandothermemberships_growth_rate_max,
bank_txn_income_otherincome_category_gymsandothermemberships_growth_rate_min,
bank_txn_income_otherincome_category_health_growth_rate_max,
bank_txn_income_otherincome_category_health_growth_rate_min,
bank_txn_income_otherincome_category_insurance_growth_rate_max,5.2752278092943605
bank_txn_income_otherincome_category_insurance_growth_rate_min,-0.6766480307081121
bank_txn_income_otherincome_category_internaltransfer_growth_rate_max,
bank_txn_income_otherincome_category_internaltransfer_growth_rate_min,
bank_txn_income_otherincome_category_rent_growth_rate_max,7.959535899099402
bank_txn_income_otherincome_category_rent_growth_rate_min,-0.5833485779959129
bank_txn_income_otherincome_category_telecommunications_growth_rate_max,
bank_txn_income_otherincome_category_telecommunications_growth_rate_min,
bank_txn_income_otherincome_category_travel_growth_rate_max,-0.5205816422931697
bank_txn_income_otherincome_category_travel_growth_rate_min,-0.5205816422931697
bank_txn_income_otherincome_category_utilities_growth_rate_max,
bank_txn_income_otherincome_category_utilities_growth_rate_min,
bank_txn_income_otherincome_category_allothercredits_max_consecutive_months,2.0
bank_txn_income_otherincome_category_automotive_max_consecutive_months,
bank_txn_income_otherincome_category_education_max_consecutive_months,
bank_txn_income_otherincome_category_externaltransfers_max_consecutive_months,1.0
bank_txn_income_otherincome_category_gambling_max_consecutive_months,2.0
bank_txn_income_otherincome_category_gymsandothermemberships_max_consecutive_months,
bank_txn_income_otherincome_category_health_max_consecutive_months,
bank_txn_income_otherincome_category_insurance_max_consecutive_months,2.0
bank_txn_income_otherincome_category_internaltransfer_max_consecutive_months,
bank_txn_income_otherincome_category_rent_max_consecutive_months,1.0
bank_txn_income_otherincome_category_telecommunications_max_consecutive_months,
bank_txn_income_otherincome_category_travel_max_consecutive_months,1.0
bank_txn_income_otherincome_category_utilities_max_consecutive_months,
bank_txn_income_otherincome_category_allothercredits_trend_slope_7d,
bank_txn_income_otherincome_category_automotive_trend_slope_7d,
bank_txn_income_otherincome_category_education_trend_slope_7d,
bank_txn_income_otherincome_category_externaltransfers_trend_slope_7d,
bank_txn_income_otherincome_category_gambling_trend_slope_7d,
bank_txn_income_otherincome_category_gymsandothermemberships_trend_slope_7d,
bank_txn_income_otherincome_category_health_trend_slope_7d,
bank_txn_income_otherincome_category_insurance_trend_slope_7d,
bank_txn_income_otherincome_category_internaltransfer_trend_slope_7d,
bank_txn_income_otherincome_category_rent_trend_slope_7d,
bank_txn_income_otherincome_category_telecommunications_trend_slope_7d,
bank_txn_income_otherincome_category_travel_trend_slope_7d,
bank_txn_income_otherincome_category_utilities_trend_slope_7d,
bank_txn_income_otherincome_category_allothercredits_trend_slope_14d,
bank_txn_income_otherincome_category_automotive_trend_slope_14d,
bank_txn_income_otherincome_category_education_trend_slope_14d,
bank_txn_income_otherincome_category_externaltransfers_trend_slope_14d,
bank_txn_income_otherincome_category_gambling_trend_slope_14d,
bank_txn_income_otherincome_category_gymsandothermemberships_trend_slope_14d,
bank_txn_income_otherincome_category_health_trend_slope_14d,
bank_txn_income_otherincome_category_insurance_trend_slope_14d,
bank_txn_income_otherincome_category_internaltransfer_trend_slope_14d,
bank_txn_income_otherincome_category_rent_trend_slope_14d,
bank_txn_income_otherincome_category_telecommunications_trend_slope_14d,
bank_txn_income_otherincome_category_travel_trend_slope_14d,
bank_txn_income_otherincome_category_utilities_trend_slope_14d,
bank_txn_income_otherincome_category_allothercredits_trend_slope_28d,
bank_txn_income_otherincome_category_automotive_trend_slope_28d,
bank_txn_income_otherincome_category_education_trend_slope_28d,
bank_txn_income_otherincome_category_externaltransfers_trend_slope_28d,
bank_txn_income_otherincome_category_gambling_trend_slope_28d,3.0156914039390976
bank_txn_income_otherincome_category_gymsandothermemberships_trend_slope_28d,
bank_txn_income_otherincome_category_health_trend_slope_28d,
bank_txn_income_otherincome_category_insurance_trend_slope_28d,
bank_txn_income_otherincome_category_internaltransfer_trend_slope_28d,
bank_txn_income_otherincome_category_rent_trend_slope_28d,
bank_txn_income_otherincome_category_telecommunications_trend_slope_28d,
bank_txn_income_otherincome_category_travel_trend_slope_28d,
bank_txn_income_otherincome_category_utilities_trend_slope_28d,
bank_txn_income_otherincome_category_allothercredits_trend_slope_56d,
bank_txn_income_otherincome_category_automotive_trend_slope_56d,
bank_txn_income_otherincome_category_education_trend_slope_56d,
bank_txn_income_otherincome_category_externaltransfers_trend_slope_56d,
bank_txn_income_otherincome_category_gambling_trend_slope_56d,3.0156914039390976
bank_txn_income_otherincome_category_gymsandothermemberships_trend_slope_56d,
bank_txn_income_otherincome_category_health_trend_slope_56d,
bank_txn_income_otherincome_category_insurance_trend_slope_56d,
bank_txn_income_otherincome_category_internaltransfer_trend_slope_56d,
bank_txn_income_otherincome_category_rent_trend_slope_56d,
bank_txn_income_otherincome_category_telecommunications_trend_slope_56d,
bank_txn_income_otherincome_category_travel_trend_slope_56d,-205.66135865378857
bank_txn_income_otherincome_category_utilities_trend_slope_56d,
bank_txn_income_otherincome_category_allothercredits_trend_slope_84d,
bank_txn_income_otherincome_category_automotive_trend_slope_84d,
bank_txn_income_otherincome_category_education_trend_slope_84d,
bank_txn_income_otherincome_category_externaltransfers_trend_slope_84d,
bank_txn_income_otherincome_category_gambling_trend_slope_84d,3.0156914039390976
bank_txn_income_otherincome_category_gymsandothermemberships_trend_slope_84d,
bank_txn_income_otherincome_category_health_trend_slope_84d,
bank_txn_income_otherincome_category_insurance_trend_slope_84d,
bank_txn_income_otherincome_category_internaltransfer_trend_slope_84d,
bank_txn_income_otherincome_category_rent_trend_slope_84d,
bank_txn_income_otherincome_category_telecommunications_trend_slope_84d,
bank_txn_income_otherincome_category_travel_trend_slope_84d,-205.66135865378857
bank_txn_income_otherincome_category_utilities_trend_slope_84d,
bank_txn_income_otherincome_category_allothercredits_trend_slope_168d,-0.5670944882414721
bank_txn_income_otherincome_category_automotive_trend_slope_168d,
bank_txn_income_otherincome_category_education_trend_slope_168d,
bank_txn_income_otherincome_category_externaltransfers_trend_slope_168d,
bank_txn_income_otherincome_category_gambling_trend_slope_168d,5.684240887844273
bank_txn_income_otherincome_category_gymsandothermemberships_trend_slope_168d,
bank_txn_income_otherincome_category_health_trend_slope_168d,
bank_txn_income_otherincome_category_insurance_trend_slope_168d,3.603768403916944
bank_txn_income_otherincome_category_internaltransfer_trend_slope_168d,
bank_txn_income_otherincome_category_rent_trend_slope_168d,115.03355184675235
bank_txn_income_otherincome_category_telecommunications_trend_slope_168d,
bank_txn_income_otherincome_category_travel_trend_slope_168d,-205.66135865378857
bank_txn_income_otherincome_category_utilities_trend_slope_168d,
bank_txn_income_otherincome_category_allothercredits_trend_slope_182d,-3.4612498161120935
bank_txn_income_otherincome_category_automotive_trend_slope_182d,
bank_txn_income_otherincome_category_education_trend_slope_182d,
bank_txn_income_otherincome_category_externaltransfers_trend_slope_182d,
bank_txn_income_otherincome_category_gambling_trend_slope_182d,1.2263838215787937
bank_txn_income_otherincome_category_gymsandothermemberships_trend_slope_182d,
bank_txn_income_otherincome_category_health_trend_slope_182d,
bank_txn_income_otherincome_category_insurance_trend_slope_182d,3.603768403916944
bank_txn_income_otherincome_category_internaltransfer_trend_slope_182d,
bank_txn_income_otherincome_category_rent_trend_slope_182d,6.506553133401964
bank_txn_income_otherincome_category_telecommunications_trend_slope_182d,
bank_txn_income_otherincome_category_travel_trend_slope_182d,-205.66135865378857
bank_txn_income_otherincome_category_utilities_trend_slope_182d,
bank_txn_income_otherincome_category_allothercredits_max_daily_consumption_7d,288.77247396581464
bank_txn_income_otherincome_category_allothercredits_max_consumption_rate_7d,2.7075353848700634
bank_txn_income_otherincome_category_allothercredits_min_consumption_rate_7d,0.6468853648993709
bank_txn_income_otherincome_category_allothercredits_mean_consumption_rate_7d,1.1464506476974472
bank_txn_income_otherincome_category_allothercredits_max_consumption_rate_14d,4.5313785154124036
bank_txn_income_otherincome_category_allothercredits_min_consumption_rate_14d,1.3544107546904085
bank_txn_income_otherincome_category_allothercredits_mean_consumption_rate_14d,2.199186565175604
bank_txn_income_otherincome_category_allothercredits_max_consumption_rate_28d,9.410513181366635
bank_txn_income_otherincome_category_allothercredits_min_consumption_rate_28d,2.615220727808697
bank_txn_income_otherincome_category_allothercredits_mean_consumption_rate_28d,4.501632218478804
bank_txn_income_otherincome_category_allothercredits_max_consumption_rate_56d,18.94732142612618
bank_txn_income_otherincome_category_allothercredits_min_consumption_rate_56d,4.281618975091799
bank_txn_income_otherincome_category_allothercredits_mean_consumption_rate_56d,8.766502933133092
bank_txn_income_otherincome_category_allothercredits_max_consumption_rate_84d,23.367684845399996
bank_txn_income_otherincome_category_allothercredits_min_consumption_rate_84d,5.848513982512475
bank_txn_income_otherincome_category_allothercredits_mean_consumption_rate_84d,10.908257102317368
bank_txn_income_otherincome_category_allothercredits_max_consumption_rate_168d,43.460698430816024
bank_txn_income_otherincome_category_allothercredits_min_consumption_rate_168d,9.164103613107898
bank_txn_income_otherincome_category_allothercredits_mean_consumption_rate_168d,16.970281488121067
bank_txn_income_otherincome_category_allothercredits_max_consumption_rate_182d,43.460698430816024
bank_txn_income_otherincome_category_allothercredits_min_consumption_rate_182d,9.164103613107898
bank_txn_income_otherincome_category_allothercredits_mean_consumption_rate_182d,16.970281488121067
bank_txn_income_otherincome_category_automotive_max_daily_consumption_7d,
bank_txn_income_otherincome_category_automotive_max_consumption_rate_7d,
bank_txn_income_otherincome_category_automotive_min_consumption_rate_7d,
bank_txn_income_otherincome_category_automotive_mean_consumption_rate_7d,
bank_txn_income_otherincome_category_automotive_max_consumption_rate_14d,
bank_txn_income_otherincome_category_automotive_min_consumption_rate_14d,
bank_txn_income_otherincome_category_automotive_mean_consumption_rate_14d,
bank_txn_income_otherincome_category_automotive_max_consumption_rate_28d,
bank_txn_income_otherincome_category_automotive_min_consumption_rate_28d,
bank_txn_income_otherincome_category_automotive_mean_consumption_rate_28d,
bank_txn_income_otherincome_category_automotive_max_consumption_rate_56d,
bank_txn_income_otherincome_category_automotive_min_consumption_rate_56d,
bank_txn_income_otherincome_category_automotive_mean_consumption_rate_56d,
bank_txn_income_otherincome_category_automotive_max_consumption_rate_84d,
bank_txn_income_otherincome_category_automotive_min_consumption_rate_84d,
bank_txn_income_otherincome_category_automotive_mean_consumption_rate_84d,
bank_txn_income_otherincome_category_automotive_max_consumption_rate_168d,
bank_txn_income_otherincome_category_automotive_min_consumption_rate_168d,
bank_txn_income_otherincome_category_automotive_mean_consumption_rate_168d,
bank_txn_income_otherincome_category_automotive_max_consumption_rate_182d,
bank_txn_income_otherincome_category_automotive_min_consumption_rate_182d,
bank_txn_income_otherincome_category_automotive_mean_consumption_rate_182d,
bank_txn_income_otherincome_category_education_max_daily_consumption_7d,
bank_txn_income_otherincome_category_education_max_consumption_rate_7d,
bank_txn_income_otherincome_category_education_min_consumption_rate_7d,
bank_txn_income_otherincome_category_education_mean_consumption_rate_7d,
bank_txn_income_otherincome_category_education_max_consumption_rate_14d,
bank_txn_income_otherincome_category_education_min_consumption_rate_14d,
bank_txn_income_otherincome_category_education_mean_consumption_rate_14d,
bank_txn_income_otherincome_category_education_max_consumption_rate_28d,
bank_txn_income_otherincome_category_education_min_consumption_rate_28d,
bank_txn_income_otherincome_category_education_mean_consumption_rate_28d,
bank_txn_income_otherincome_category_education_max_consumption_rate_56d,
bank_txn_income_otherincome_category_education_min_consumption_rate_56d,
bank_txn_income_otherincome_category_education_mean_consumption_rate_56d,
bank_txn_income_otherincome_category_education_max_consumption_rate_84d,
bank_txn_income_otherincome_category_education_min_consumption_rate_84d,
bank_txn_income_otherincome_category_education_mean_consumption_rate_84d,
bank_txn_income_otherincome_category_education_max_consumption_rate_168d,
bank_txn_income_otherincome_category_education_min_consumption_rate_168d,
bank_txn_income_otherincome_category_education_mean_consumption_rate_168d,
bank_txn_income_otherincome_category_education_max_consumption_rate_182d,
bank_txn_income_otherincome_category_education_min_consumption_rate_182d,
bank_txn_income_otherincome_category_education_mean_consumption_rate_182d,
bank_txn_income_otherincome_category_externaltransfers_max_daily_consumption_7d,287.68685916863916
bank_txn_income_otherincome_category_externaltransfers_max_consumption_rate_7d,0.5647579180973179
bank_txn_income_otherincome_category_externaltransfers_min_consumption_rate_7d,0.5647579180973179
bank_txn_income_otherincome_category_externaltransfers_mean_consumption_rate_7d,0.5647579180973179
bank_txn_income_otherincome_category_externaltransfers_max_consumption_rate_14d,1.1976453092956114
bank_txn_income_otherincome_category_externaltransfers_min_consumption_rate_14d,1.1976453092956114
bank_txn_income_otherincome_category_externaltransfers_mean_consumption_rate_14d,1.1976453092956114
bank_txn_income_otherincome_category_externaltransfers_max_consumption_rate_28d,2.058020942674632
bank_txn_income_otherincome_category_externaltransfers_min_consumption_rate_28d,2.058020942674632
bank_txn_income_otherincome_category_externaltransfers_mean_consumption_rate_28d,2.058020942674632
bank_txn_income_otherincome_category_externaltransfers_max_consumption_rate_56d,3.5398074619126985
bank_txn_income_otherincome_category_externaltransfers_min_consumption_rate_56d,3.5398074619126985
bank_txn_income_otherincome_category_externaltransfers_mean_consumption_rate_56d,3.5398074619126985
bank_txn_income_otherincome_category_externaltransfers_max_consumption_rate_84d,3.5398074619126985
bank_txn_income_otherincome_category_externaltransfers_min_consumption_rate_84d,3.5398074619126985
bank_txn_income_otherincome_category_externaltransfers_mean_consumption_rate_84d,3.5398074619126985
bank_txn_income_otherincome_category_externaltransfers_max_consumption_rate_168d,3.5398074619126985
bank_txn_income_otherincome_category_externaltransfers_min_consumption_rate_168d,3.5398074619126985
bank_txn_income_otherincome_category_externaltransfers_mean_consumption_rate_168d,3.5398074619126985
bank_txn_income_otherincome_category_externaltransfers_max_consumption_rate_182d,3.5398074619126985
bank_txn_income_otherincome_category_externaltransfers_min_consumption_rate_182d,3.5398074619126985
bank_txn_income_otherincome_category_externaltransfers_mean_consumption_rate_182d,3.5398074619126985
bank_txn_income_otherincome_category_gambling_max_daily_consumption_7d,290.0397920349515
bank_txn_income_otherincome_category_gambling_max_consumption_rate_7d,1.35531510885673
bank_txn_income_otherincome_category_gambling_min_consumption_rate_7d,0.182243036815395
bank_txn_income_otherincome_category_gambling_mean_consumption_rate_7d,0.648748916518968
bank_txn_income_otherincome_category_gambling_max_consumption_rate_14d,2.7338697590120886
bank_txn_income_otherincome_category_gambling_min_consumption_rate_14d,0.182243036815395
bank_txn_income_otherincome_category_gambling_mean_consumption_rate_14d,1.2267367611393467
bank_txn_income_otherincome_category_gambling_max_consumption_rate_28d,5.181266470451843
bank_txn_income_otherincome_category_gambling_min_consumption_rate_28d,0.182243036815395
bank_txn_income_otherincome_category_gambling_mean_consumption_rate_28d,2.186285932136327
bank_txn_income_otherincome_category_gambling_max_consumption_rate_56d,8.781416884144141
bank_txn_income_otherincome_category_gambling_min_consumption_rate_56d,0.182243036815395
bank_txn_income_otherincome_category_gambling_mean_consumption_rate_56d,3.584882983688999
bank_txn_income_otherincome_category_gambling_max_consumption_rate_84d,11.72435684209323
bank_txn_income_otherincome_category_gambling_min_consumption_rate_84d,0.182243036815395
bank_txn_income_otherincome_category_gambling_mean_consumption_rate_84d,4.598326491053559
bank_txn_income_otherincome_category_gambling_max_consumption_rate_168d,20.769454830221395
bank_txn_income_otherincome_category_gambling_min_consumption_rate_168d,0.182243036815395
bank_txn_income_otherincome_category_gambling_mean_consumption_rate_168d,7.785362918855879
bank_txn_income_otherincome_category_gambling_max_consumption_rate_182d,20.769454830221395
bank_txn_income_otherincome_category_gambling_min_consumption_rate_182d,0.182243036815395
bank_txn_income_otherincome_category_gambling_mean_consumption_rate_182d,7.996085176768755
bank_txn_income_otherincome_category_gymsandothermemberships_max_daily_consumption_7d,
bank_txn_income_otherincome_category_gymsandothermemberships_max_consumption_rate_7d,
bank_txn_income_otherincome_category_gymsandothermemberships_min_consumption_rate_7d,
bank_txn_income_otherincome_category_gymsandothermemberships_mean_consumption_rate_7d,
bank_txn_income_otherincome_category_gymsandothermemberships_max_consumption_rate_14d,
bank_txn_income_otherincome_category_gymsandothermemberships_min_consumption_rate_14d,
bank_txn_income_otherincome_category_gymsandothermemberships_mean_consumption_rate_14d,
bank_txn_income_otherincome_category_gymsandothermemberships_max_consumption_rate_28d,
bank_txn_income_otherincome_category_gymsandothermemberships_min_consumption_rate_28d,
bank_txn_income_otherincome_category_gymsandothermemberships_mean_consumption_rate_28d,
bank_txn_income_otherincome_category_gymsandothermemberships_max_consumption_rate_56d,
bank_txn_income_otherincome_category_gymsandothermemberships_min_consumption_rate_56d,
bank_txn_income_otherincome_category_gymsandothermemberships_mean_consumption_rate_56d,
bank_txn_income_otherincome_category_gymsandothermemberships_max_consumption_rate_84d,
bank_txn_income_otherincome_category_gymsandothermemberships_min_consumption_rate_84d,
bank_txn_income_otherincome_category_gymsandothermemberships_mean_consumption_rate_84d,
bank_txn_income_otherincome_category_gymsandothermemberships_max_consumption_rate_168d,
bank_txn_income_otherincome_category_gymsandothermemberships_min_consumption_rate_168d,
bank_txn_income_otherincome_category_gymsandothermemberships_mean_consumption_rate_168d,
bank_txn_income_otherincome_category_gymsandothermemberships_max_consumption_rate_182d,
bank_txn_income_otherincome_category_gymsandothermemberships_min_consumption_rate_182d,
bank_txn_income_otherincome_category_gymsandothermemberships_mean_consumption_rate_182d,
bank_txn_income_otherincome_category_health_max_daily_consumption_7d,
bank_txn_income_otherincome_category_health_max_consumption_rate_7d,
bank_txn_income_otherincome_category_health_min_consumption_rate_7d,
bank_txn_income_otherincome_category_health_mean_consumption_rate_7d,
bank_txn_income_otherincome_category_health_max_consumption_rate_14d,
bank_txn_income_otherincome_category_health_min_consumption_rate_14d,
bank_txn_income_otherincome_category_health_mean_consumption_rate_14d,
bank_txn_income_otherincome_category_health_max_consumption_rate_28d,
bank_txn_income_otherincome_category_health_min_consumption_rate_28d,
bank_txn_income_otherincome_category_health_mean_consumption_rate_28d,
bank_txn_income_otherincome_category_health_max_consumption_rate_56d,
bank_txn_income_otherincome_category_health_min_consumption_rate_56d,
bank_txn_income_otherincome_category_health_mean_consumption_rate_56d,
bank_txn_income_otherincome_category_health_max_consumption_rate_84d,
bank_txn_income_otherincome_category_health_min_consumption_rate_84d,
bank_txn_income_otherincome_category_health_mean_consumption_rate_84d,
bank_txn_income_otherincome_category_health_max_consumption_rate_168d,
bank_txn_income_otherincome_category_health_min_consumption_rate_168d,
bank_txn_income_otherincome_category_health_mean_consumption_rate_168d,
bank_txn_income_otherincome_category_health_max_consumption_rate_182d,
bank_txn_income_otherincome_category_health_min_consumption_rate_182d,
bank_txn_income_otherincome_category_health_mean_consumption_rate_182d,
bank_txn_income_otherincome_category_insurance_max_daily_consumption_7d,219.92690175490986
bank_txn_income_otherincome_category_insurance_max_consumption_rate_7d,13.331254203756114
bank_txn_income_otherincome_category_insurance_min_consumption_rate_7d,1.3338737690043856
bank_txn_income_otherincome_category_insurance_mean_consumption_rate_7d,6.261636040881757
bank_txn_income_otherincome_category_insurance_max_consumption_rate_14d,23.36631275999893
bank_txn_income_otherincome_category_insurance_min_consumption_rate_14d,3.3039919958328636
bank_txn_income_otherincome_category_insurance_mean_consumption_rate_14d,11.475936403994103
bank_txn_income_otherincome_category_insurance_max_consumption_rate_28d,30.126437450246687
bank_txn_income_otherincome_category_insurance_min_consumption_rate_28d,5.395705554883311
bank_txn_income_otherincome_category_insurance_mean_consumption_rate_28d,16.82827273906159
bank_txn_income_otherincome_category_insurance_max_consumption_rate_56d,59.13178420639384
bank_txn_income_otherincome_category_insurance_min_consumption_rate_56d,8.79236457835047
bank_txn_income_otherincome_category_insurance_mean_consumption_rate_56d,31.284513741216625
bank_txn_income_otherincome_category_insurance_max_consumption_rate_84d,83.83008537808156
bank_txn_income_otherincome_category_insurance_min_consumption_rate_84d,8.79236457835047
bank_txn_income_otherincome_category_insurance_mean_consumption_rate_84d,42.042620239907166
bank_txn_income_otherincome_category_insurance_max_consumption_rate_168d,134.1223888091933
bank_txn_income_otherincome_category_insurance_min_consumption_rate_168d,8.79236457835047
bank_txn_income_otherincome_category_insurance_mean_consumption_rate_168d,67.82709377493035
bank_txn_income_otherincome_category_insurance_max_consumption_rate_182d,134.1223888091933
bank_txn_income_otherincome_category_insurance_min_consumption_rate_182d,8.79236457835047
bank_txn_income_otherincome_category_insurance_mean_consumption_rate_182d,67.82709377493035
bank_txn_income_otherincome_category_internaltransfer_max_daily_consumption_7d,
bank_txn_income_otherincome_category_internaltransfer_max_consumption_rate_7d,
bank_txn_income_otherincome_category_internaltransfer_min_consumption_rate_7d,
bank_txn_income_otherincome_category_internaltransfer_mean_consumption_rate_7d,
bank_txn_income_otherincome_category_internaltransfer_max_consumption_rate_14d,
bank_txn_income_otherincome_category_internaltransfer_min_consumption_rate_14d,
bank_txn_income_otherincome_category_internaltransfer_mean_consumption_rate_14d,
bank_txn_income_otherincome_category_internaltransfer_max_consumption_rate_28d,
bank_txn_income_otherincome_category_internaltransfer_min_consumption_rate_28d,
bank_txn_income_otherincome_category_internaltransfer_mean_consumption_rate_28d,
bank_txn_income_otherincome_category_internaltransfer_max_consumption_rate_56d,
bank_txn_income_otherincome_category_internaltransfer_min_consumption_rate_56d,
bank_txn_income_otherincome_category_internaltransfer_mean_consumption_rate_56d,
bank_txn_income_otherincome_category_internaltransfer_max_consumption_rate_84d,
bank_txn_income_otherincome_category_internaltransfer_min_consumption_rate_84d,
bank_txn_income_otherincome_category_internaltransfer_mean_consumption_rate_84d,
bank_txn_income_otherincome_category_internaltransfer_max_consumption_rate_168d,
bank_txn_income_otherincome_category_internaltransfer_min_consumption_rate_168d,
bank_txn_income_otherincome_category_internaltransfer_mean_consumption_rate_168d,
bank_txn_income_otherincome_category_internaltransfer_max_consumption_rate_182d,
bank_txn_income_otherincome_category_internaltransfer_min_consumption_rate_182d,
bank_txn_income_otherincome_category_internaltransfer_mean_consumption_rate_182d,
bank_txn_income_otherincome_category_rent_max_daily_consumption_7d,234.0748519859796
bank_txn_income_otherincome_category_rent_max_consumption_rate_7d,4.129703837484595
bank_txn_income_otherincome_category_rent_min_consumption_rate_7d,0.5758461246735506
bank_txn_income_otherincome_category_rent_mean_consumption_rate_7d,2.618457681913773
bank_txn_income_otherincome_category_rent_max_consumption_rate_14d,8.127867907600551
bank_txn_income_otherincome_category_rent_min_consumption_rate_14d,0.9630572453300049
bank_txn_income_otherincome_category_rent_mean_consumption_rate_14d,4.677293365211764
bank_txn_income_otherincome_category_rent_max_consumption_rate_28d,15.98150957461816
bank_txn_income_otherincome_category_rent_min_consumption_rate_28d,1.7743924460350986
bank_txn_income_otherincome_category_rent_mean_consumption_rate_28d,9.380052850547218
bank_txn_income_otherincome_category_rent_max_consumption_rate_56d,35.55022655933132
bank_txn_income_otherincome_category_rent_min_consumption_rate_56d,4.160819906776678
bank_txn_income_otherincome_category_rent_mean_consumption_rate_56d,20.342438650012156
bank_txn_income_otherincome_category_rent_max_consumption_rate_84d,56.83512064034451
bank_txn_income_otherincome_category_rent_min_consumption_rate_84d,5.879060944630616
bank_txn_income_otherincome_category_rent_mean_consumption_rate_84d,29.94679279363881
bank_txn_income_otherincome_category_rent_max_consumption_rate_168d,58.5075183160715
bank_txn_income_otherincome_category_rent_min_consumption_rate_168d,5.879060944630616
bank_txn_income_otherincome_category_rent_mean_consumption_rate_168d,38.246787825156936
bank_txn_income_otherincome_category_rent_max_consumption_rate_182d,58.5075183160715
bank_txn_income_otherincome_category_rent_min_consumption_rate_182d,5.879060944630616
bank_txn_income_otherincome_category_rent_mean_consumption_rate_182d,38.479056781739594
bank_txn_income_otherincome_category_telecommunications_max_daily_consumption_7d,
bank_txn_income_otherincome_category_telecommunications_max_consumption_rate_7d,
bank_txn_income_otherincome_category_telecommunications_min_consumption_rate_7d,
bank_txn_income_otherincome_category_telecommunications_mean_consumption_rate_7d,
bank_txn_income_otherincome_category_telecommunications_max_consumption_rate_14d,
bank_txn_income_otherincome_category_telecommunications_min_consumption_rate_14d,
bank_txn_income_otherincome_category_telecommunications_mean_consumption_rate_14d,
bank_txn_income_otherincome_category_telecommunications_max_consumption_rate_28d,
bank_txn_income_otherincome_category_telecommunications_min_consumption_rate_28d,
bank_txn_income_otherincome_category_telecommunications_mean_consumption_rate_28d,
bank_txn_income_otherincome_category_telecommunications_max_consumption_rate_56d,
bank_txn_income_otherincome_category_telecommunications_min_consumption_rate_56d,
bank_txn_income_otherincome_category_telecommunications_mean_consumption_rate_56d,
bank_txn_income_otherincome_category_telecommunications_max_consumption_rate_84d,
bank_txn_income_otherincome_category_telecommunications_min_consumption_rate_84d,
bank_txn_income_otherincome_category_telecommunications_mean_consumption_rate_84d,
bank_txn_income_otherincome_category_telecommunications_max_consumption_rate_168d,
bank_txn_income_otherincome_category_telecommunications_min_consumption_rate_168d,
bank_txn_income_otherincome_category_telecommunications_mean_consumption_rate_168d,
bank_txn_income_otherincome_category_telecommunications_max_consumption_rate_182d,
bank_txn_income_otherincome_category_telecommunications_min_consumption_rate_182d,
bank_txn_income_otherincome_category_telecommunications_mean_consumption_rate_182d,
bank_txn_income_otherincome_category_travel_max_daily_consumption_7d,287.68685916863916
bank_txn_income_otherincome_category_travel_max_consumption_rate_7d,2.601113293059004
bank_txn_income_otherincome_category_travel_min_consumption_rate_7d,1.6568637611839567
bank_txn_income_otherincome_category_travel_mean_consumption_rate_7d,2.1289885271214803
bank_txn_income_otherincome_category_travel_max_consumption_rate_14d,5.147049910847554
bank_txn_income_otherincome_category_travel_min_consumption_rate_14d,2.5705368125022545
bank_txn_income_otherincome_category_travel_mean_consumption_rate_14d,3.858793361674904
bank_txn_income_otherincome_category_travel_max_consumption_rate_28d,9.278915144854937
bank_txn_income_otherincome_category_travel_min_consumption_rate_28d,5.034921355680798
bank_txn_income_otherincome_category_travel_mean_consumption_rate_28d,7.156918250267868
bank_txn_income_otherincome_category_travel_max_consumption_rate_56d,16.837326173263126
bank_txn_income_otherincome_category_travel_min_consumption_rate_56d,8.754822960299615
bank_txn_income_otherincome_category_travel_mean_consumption_rate_56d,12.796074566781371
bank_txn_income_otherincome_category_travel_max_consumption_rate_84d,16.837326173263126
bank_txn_income_otherincome_category_travel_min_consumption_rate_84d,8.754822960299615
bank_txn_income_otherincome_category_travel_mean_consumption_rate_84d,12.796074566781371
bank_txn_income_otherincome_category_travel_max_consumption_rate_168d,16.837326173263126
bank_txn_income_otherincome_category_travel_min_consumption_rate_168d,8.754822960299615
bank_txn_income_otherincome_category_travel_mean_consumption_rate_168d,12.796074566781371
bank_txn_income_otherincome_category_travel_max_consumption_rate_182d,16.837326173263126
bank_txn_income_otherincome_category_travel_min_consumption_rate_182d,8.754822960299615
bank_txn_income_otherincome_category_travel_mean_consumption_rate_182d,12.796074566781371
bank_txn_income_otherincome_category_utilities_max_daily_consumption_7d,
bank_txn_income_otherincome_category_utilities_max_consumption_rate_7d,
bank_txn_income_otherincome_category_utilities_min_consumption_rate_7d,
bank_txn_income_otherincome_category_utilities_mean_consumption_rate_7d,
bank_txn_income_otherincome_category_utilities_max_consumption_rate_14d,
bank_txn_income_otherincome_category_utilities_min_consumption_rate_14d,
bank_txn_income_otherincome_category_utilities_mean_consumption_rate_14d,
bank_txn_income_otherincome_category_utilities_max_consumption_rate_28d,
bank_txn_income_otherincome_category_utilities_min_consumption_rate_28d,
bank_txn_income_otherincome_category_utilities_mean_consumption_rate_28d,
bank_txn_income_otherincome_category_utilities_max_consumption_rate_56d,
bank_txn_income_otherincome_category_utilities_min_consumption_rate_56d,
bank_txn_income_otherincome_category_utilities_mean_consumption_rate_56d,
bank_txn_income_otherincome_category_utilities_max_consumption_rate_84d,
bank_txn_income_otherincome_category_utilities_min_consumption_rate_84d,
bank_txn_income_otherincome_category_utilities_mean_consumption_rate_84d,
bank_txn_income_otherincome_category_utilities_max_consumption_rate_168d,
bank_txn_income_otherincome_category_utilities_min_consumption_rate_168d,
bank_txn_income_otherincome_category_utilities_mean_consumption_rate_168d,
bank_txn_income_otherincome_category_utilities_max_consumption_rate_182d,
bank_txn_income_otherincome_category_utilities_min_consumption_rate_182d,
bank_txn_income_otherincome_category_utilities_mean_consumption_rate_182d,
